Date,Year,Month,Temperature (Â°C),Humidity (%),Wind Speed (km/h),Rainfall (cm),Rainfall (mm)
2019-01-01,2019,1,31.0,74.5,13.3,0.5,5.0
2019-01-02,2019,1,29.7,87.1,9.5,0.1,1.0
2019-01-03,2019,1,31.3,79.5,12.4,0.3,3.0
2019-01-04,2019,1,33.0,80.1,13.1,0.1,1.0
2019-01-05,2019,1,29.5,83.5,12.0,1.4,14.0
2019-01-06,2019,1,29.5,81.2,5.7,0.0,0.0
2019-01-07,2019,1,33.2,84.8,12.5,0.6,6.0
2019-01-08,2019,1,31.5,81.4,18.6,0.2,2.0
2019-01-09,2019,1,29.1,76.9,10.9,0.0,0.0
2019-01-10,2019,1,31.1,81.8,9.8,0.0,0.0
2019-01-11,2019,1,29.1,74.3,13.1,0.2,2.0
2019-01-12,2019,1,29.1,80.5,12.9,0.4,4.0
2019-01-13,2019,1,30.5,79.8,15.6,0.4,4.0
2019-01-14,2019,1,26.2,79.0,8.2,0.0,0.0
2019-01-15,2019,1,26.6,79.4,14.2,1.2,12.0
2019-01-16,2019,1,28.9,70.6,13.8,0.6,6.0
2019-01-17,2019,1,28.0,77.3,11.6,0.1,1.0
2019-01-18,2019,1,30.6,80.5,13.0,0.0,0.0
2019-01-19,2019,1,28.2,80.8,15.1,0.0,0.0
2019-01-20,2019,1,27.2,74.9,14.6,1.1,11.0
2019-01-21,2019,1,32.9,86.3,8.6,0.2,2.0
2019-01-22,2019,1,29.5,75.7,14.5,0.1,1.0
2019-01-23,2019,1,30.1,84.8,11.8,0.0,0.0
2019-01-24,2019,1,27.2,82.1,12.2,0.5,5.0
2019-01-25,2019,1,28.9,76.8,12.2,0.1,1.0
2019-01-26,2019,1,30.2,88.9,11.5,0.0,0.0
2019-01-27,2019,1,27.7,74.0,15.6,0.0,0.0
2019-01-28,2019,1,30.8,84.6,11.7,0.0,0.0
2019-01-29,2019,1,28.8,85.0,8.6,0.1,1.0
2019-01-30,2019,1,29.4,76.6,10.8,0.0,0.0
2019-01-31,2019,1,28.8,87.0,12.5,0.1,1.0
2019-02-01,2019,2,33.7,78.7,15.7,0.2,2.0
2019-02-02,2019,2,30.0,81.4,13.8,1.5,15.0
2019-02-03,2019,2,27.9,81.3,9.4,0.2,2.0
2019-02-04,2019,2,31.6,79.3,19.5,0.0,0.0
2019-02-05,2019,2,27.6,84.1,12.8,0.1,1.0
2019-02-06,2019,2,30.4,84.0,15.8,0.2,2.0
2019-02-07,2019,2,26.1,71.3,11.5,0.2,2.0
2019-02-08,2019,2,27.3,86.5,13.6,0.1,1.0
2019-02-09,2019,2,30.4,71.7,14.5,0.0,0.0
2019-02-10,2019,2,31.5,85.2,15.7,0.1,1.0
2019-02-11,2019,2,30.3,85.6,15.2,0.4,4.0
2019-02-12,2019,2,29.8,74.5,14.6,0.2,2.0
2019-02-13,2019,2,29.4,77.9,11.1,1.1,11.0
2019-02-14,2019,2,27.0,74.5,10.3,0.0,0.0
2019-02-15,2019,2,28.6,78.9,13.0,0.7,7.0
2019-02-16,2019,2,29.1,78.5,14.8,1.1,11.0
2019-02-17,2019,2,32.1,83.9,11.3,0.5,5.0
2019-02-18,2019,2,30.7,86.6,15.2,0.8,8.0
2019-02-19,2019,2,26.5,87.0,16.4,1.3,13.0
2019-02-20,2019,2,30.6,77.2,9.3,0.3,3.0
2019-02-21,2019,2,29.2,79.0,9.5,0.0,0.0
2019-02-22,2019,2,28.6,71.6,11.6,0.0,0.0
2019-02-23,2019,2,31.2,76.0,12.9,0.0,0.0
2019-02-24,2019,2,32.1,84.8,10.4,0.1,1.0
2019-02-25,2019,2,31.9,88.1,16.1,0.2,2.0
2019-02-26,2019,2,28.3,73.8,13.3,0.2,2.0
2019-02-27,2019,2,29.4,77.0,12.1,0.1,1.0
2019-02-28,2019,2,30.7,79.9,7.7,0.1,1.0
2019-03-01,2019,3,32.0,81.4,8.1,0.2,2.0
2019-03-02,2019,3,29.0,76.0,12.8,0.0,0.0
2019-03-03,2019,3,29.6,82.1,5.6,0.3,3.0
2019-03-04,2019,3,27.8,77.6,15.0,0.1,1.0
2019-03-05,2019,3,27.6,79.9,11.5,0.6,6.0
2019-03-06,2019,3,31.6,82.7,21.7,0.0,0.0
2019-03-07,2019,3,32.7,80.0,18.9,0.0,0.0
2019-03-08,2019,3,29.9,77.8,11.5,1.5,15.0
2019-03-09,2019,3,32.0,79.5,11.7,0.0,0.0
2019-03-10,2019,3,30.7,79.6,15.0,0.0,0.0
2019-03-11,2019,3,28.7,78.1,17.1,0.7,7.0
2019-03-12,2019,3,30.7,78.7,7.1,0.3,3.0
2019-03-13,2019,3,33.1,88.0,6.6,0.1,1.0
2019-03-14,2019,3,29.9,82.8,10.1,0.1,1.0
2019-03-15,2019,3,33.1,78.5,13.7,0.5,5.0
2019-03-16,2019,3,24.8,83.5,13.5,0.3,3.0
2019-03-17,2019,3,31.6,78.3,15.2,0.9,9.0
2019-03-18,2019,3,30.2,85.9,8.4,0.1,1.0
2019-03-19,2019,3,29.4,81.8,5.1,0.1,1.0
2019-03-20,2019,3,30.2,79.5,14.6,0.0,0.0
2019-03-21,2019,3,26.0,82.2,9.5,0.1,1.0
2019-03-22,2019,3,29.6,72.1,5.9,0.0,0.0
2019-03-23,2019,3,30.7,74.4,12.4,0.3,3.0
2019-03-24,2019,3,33.0,74.0,14.4,0.1,1.0
2019-03-25,2019,3,29.0,80.7,11.6,0.7,7.0
2019-03-26,2019,3,28.4,88.7,10.6,0.2,2.0
2019-03-27,2019,3,29.0,91.2,11.5,0.4,4.0
2019-03-28,2019,3,31.8,83.2,10.9,1.1,11.0
2019-03-29,2019,3,30.7,82.5,8.0,0.4,4.0
2019-03-30,2019,3,28.9,71.0,9.9,0.1,1.0
2019-03-31,2019,3,31.0,77.3,13.6,0.4,4.0
2019-04-01,2019,4,30.2,76.1,13.0,1.6,16.0
2019-04-02,2019,4,31.9,76.9,12.5,0.0,0.0
2019-04-03,2019,4,28.6,79.2,9.0,0.1,1.0
2019-04-04,2019,4,29.3,77.6,11.5,0.0,0.0
2019-04-05,2019,4,29.2,70.1,5.5,0.3,3.0
2019-04-06,2019,4,27.1,83.7,12.5,0.2,2.0
2019-04-07,2019,4,30.6,74.6,16.3,0.3,3.0
2019-04-08,2019,4,30.5,81.2,7.6,0.6,6.0
2019-04-09,2019,4,30.0,90.4,10.2,0.0,0.0
2019-04-10,2019,4,29.5,75.4,13.0,0.1,1.0
2019-04-11,2019,4,27.2,67.3,15.8,0.1,1.0
2019-04-12,2019,4,29.2,78.6,10.7,0.0,0.0
2019-04-13,2019,4,29.3,85.5,9.9,0.0,0.0
2019-04-14,2019,4,28.4,89.8,6.1,0.0,0.0
2019-04-15,2019,4,29.7,73.9,12.3,0.4,4.0
2019-04-16,2019,4,30.8,82.5,18.1,0.0,0.0
2019-04-17,2019,4,33.8,77.7,12.8,0.2,2.0
2019-04-18,2019,4,30.3,79.5,11.9,0.1,1.0
2019-04-19,2019,4,30.5,93.2,13.0,0.2,2.0
2019-04-20,2019,4,29.9,72.5,12.0,0.5,5.0
2019-04-21,2019,4,26.2,81.3,9.6,0.0,0.0
2019-04-22,2019,4,29.9,82.3,14.5,1.1,11.0
2019-04-23,2019,4,30.1,85.4,12.7,0.1,1.0
2019-04-24,2019,4,34.9,80.5,12.1,0.0,0.0
2019-04-25,2019,4,29.6,81.5,9.1,0.1,1.0
2019-04-26,2019,4,30.6,78.0,15.9,0.0,0.0
2019-04-27,2019,4,29.9,81.3,14.0,0.0,0.0
2019-04-28,2019,4,27.7,78.3,10.3,0.2,2.0
2019-04-29,2019,4,32.3,83.1,15.0,1.2,12.0
2019-04-30,2019,4,31.5,78.2,10.5,0.0,0.0
2019-05-01,2019,5,31.6,81.9,9.7,0.8,8.0
2019-05-02,2019,5,28.2,79.9,9.7,0.6,6.0
2019-05-03,2019,5,32.8,85.6,6.7,1.3,13.0
2019-05-04,2019,5,27.2,79.7,13.4,0.0,0.0
2019-05-05,2019,5,31.2,71.1,6.5,0.0,0.0
2019-05-06,2019,5,34.4,86.3,8.3,0.1,1.0
2019-05-07,2019,5,28.0,75.5,5.8,0.2,2.0
2019-05-08,2019,5,28.9,76.7,11.7,0.2,2.0
2019-05-09,2019,5,30.2,77.0,11.5,0.5,5.0
2019-05-10,2019,5,29.0,86.9,11.0,0.0,0.0
2019-05-11,2019,5,26.9,69.3,8.9,0.2,2.0
2019-05-12,2019,5,30.1,95.7,8.5,0.0,0.0
2019-05-13,2019,5,27.9,85.3,13.4,0.6,6.0
2019-05-14,2019,5,30.9,81.1,10.3,0.0,0.0
2019-05-15,2019,5,28.2,79.7,12.9,0.1,1.0
2019-05-16,2019,5,33.1,81.4,9.3,0.0,0.0
2019-05-17,2019,5,28.4,82.6,12.5,0.3,3.0
2019-05-18,2019,5,29.4,83.2,15.9,0.0,0.0
2019-05-19,2019,5,31.6,82.8,13.8,0.5,5.0
2019-05-20,2019,5,27.5,80.4,10.8,0.0,0.0
2019-05-21,2019,5,30.5,79.0,12.8,0.1,1.0
2019-05-22,2019,5,32.6,79.2,11.3,0.1,1.0
2019-05-23,2019,5,26.8,79.0,12.0,0.1,1.0
2019-05-24,2019,5,30.4,85.7,11.0,0.0,0.0
2019-05-25,2019,5,30.5,83.0,11.5,0.4,4.0
2019-05-26,2019,5,31.6,65.3,12.6,0.0,0.0
2019-05-27,2019,5,27.5,83.3,9.0,0.0,0.0
2019-05-28,2019,5,27.4,81.0,9.0,0.1,1.0
2019-05-29,2019,5,31.0,79.9,7.8,1.3,13.0
2019-05-30,2019,5,30.6,78.1,7.2,0.3,3.0
2019-05-31,2019,5,30.5,85.6,8.3,0.0,0.0
2019-06-01,2019,6,30.7,84.7,12.5,1.7,17.0
2019-06-02,2019,6,28.6,76.1,9.3,0.4,4.0
2019-06-03,2019,6,30.5,82.0,13.5,1.5,15.0
2019-06-04,2019,6,30.6,75.1,12.1,0.5,5.0
2019-06-05,2019,6,28.6,73.1,6.1,1.0,10.0
2019-06-06,2019,6,33.7,76.9,14.0,3.5,35.0
2019-06-07,2019,6,30.9,84.3,14.4,1.8,18.0
2019-06-08,2019,6,27.6,84.8,9.0,2.7,27.0
2019-06-09,2019,6,31.3,82.6,13.3,1.9,19.0
2019-06-10,2019,6,28.1,83.6,9.4,1.3,13.0
2019-06-11,2019,6,31.6,82.6,12.3,2.1,21.0
2019-06-12,2019,6,32.3,76.8,8.2,0.2,2.0
2019-06-13,2019,6,28.4,82.2,6.6,3.1,31.0
2019-06-14,2019,6,31.9,84.0,10.9,0.7,7.0
2019-06-15,2019,6,30.8,83.8,11.6,2.6,26.0
2019-06-16,2019,6,31.6,85.9,10.8,1.2,12.0
2019-06-17,2019,6,33.8,83.5,8.4,0.4,4.0
2019-06-18,2019,6,29.5,81.8,10.8,0.9,9.0
2019-06-19,2019,6,28.5,85.4,12.8,2.6,26.0
2019-06-20,2019,6,28.2,79.9,11.9,7.8,78.0
2019-06-21,2019,6,28.4,75.6,12.5,1.6,16.0
2019-06-22,2019,6,29.8,79.2,10.0,7.2,72.0
2019-06-23,2019,6,30.7,76.3,15.5,0.2,2.0
2019-06-24,2019,6,30.6,76.6,8.5,1.3,13.0
2019-06-25,2019,6,31.7,79.3,13.5,1.6,16.0
2019-06-26,2019,6,30.0,76.0,15.5,2.7,27.0
2019-06-27,2019,6,32.9,78.5,13.4,0.9,9.0
2019-06-28,2019,6,29.5,70.5,11.4,2.3,23.0
2019-06-29,2019,6,35.4,81.1,10.4,1.4,14.0
2019-06-30,2019,6,31.3,80.0,15.1,4.4,44.0
2019-07-01,2019,7,28.3,75.9,7.7,2.0,20.0
2019-07-02,2019,7,27.9,83.3,9.1,10.8,108.0
2019-07-03,2019,7,31.0,84.7,10.8,1.4,14.0
2019-07-04,2019,7,29.6,72.0,15.7,4.2,42.0
2019-07-05,2019,7,31.4,76.2,13.1,5.3,53.0
2019-07-06,2019,7,30.9,76.2,9.1,3.1,31.0
2019-07-07,2019,7,29.9,75.3,11.1,1.4,14.0
2019-07-08,2019,7,28.3,84.1,10.2,0.5,5.0
2019-07-09,2019,7,27.0,79.0,9.9,4.5,45.0
2019-07-10,2019,7,29.1,78.7,14.9,1.0,10.0
2019-07-11,2019,7,31.7,70.0,7.9,0.2,2.0
2019-07-12,2019,7,30.4,83.2,16.8,2.0,20.0
2019-07-13,2019,7,27.5,73.8,14.5,5.0,50.0
2019-07-14,2019,7,30.3,80.3,15.3,0.5,5.0
2019-07-15,2019,7,30.8,81.4,10.6,3.4,34.0
2019-07-16,2019,7,28.2,86.8,11.6,0.1,1.0
2019-07-17,2019,7,30.3,73.5,7.7,5.3,53.0
2019-07-18,2019,7,30.1,64.9,10.4,2.4,24.0
2019-07-19,2019,7,27.7,80.9,13.5,0.4,4.0
2019-07-20,2019,7,30.7,89.0,15.9,3.2,32.0
2019-07-21,2019,7,31.1,86.2,8.7,1.0,10.0
2019-07-22,2019,7,32.2,81.0,10.9,0.6,6.0
2019-07-23,2019,7,32.1,77.5,11.5,1.0,10.0
2019-07-24,2019,7,27.2,84.0,7.8,2.9,29.0
2019-07-25,2019,7,28.1,75.1,13.8,0.6,6.0
2019-07-26,2019,7,31.0,82.4,9.8,0.1,1.0
2019-07-27,2019,7,31.0,82.5,11.4,1.0,10.0
2019-07-28,2019,7,31.0,85.3,10.6,4.6,46.0
2019-07-29,2019,7,37.7,93.8,9.6,4.6,46.0
2019-07-30,2019,7,31.1,82.0,12.0,1.0,10.0
2019-07-31,2019,7,32.3,77.5,11.4,0.9,9.0
2019-08-01,2019,8,31.9,79.9,10.9,0.9,9.0
2019-08-02,2019,8,31.3,71.2,9.8,0.8,8.0
2019-08-03,2019,8,29.4,76.5,13.0,0.9,9.0
2019-08-04,2019,8,31.5,78.0,17.0,2.1,21.0
2019-08-05,2019,8,28.5,77.4,12.4,4.7,47.0
2019-08-06,2019,8,29.5,80.8,15.0,0.6,6.0
2019-08-07,2019,8,29.0,75.9,7.8,0.7,7.0
2019-08-08,2019,8,30.2,85.6,12.5,2.3,23.0
2019-08-09,2019,8,34.6,80.0,8.7,3.1,31.0
2019-08-10,2019,8,26.3,80.0,7.6,0.3,3.0
2019-08-11,2019,8,31.4,78.4,9.8,6.1,61.0
2019-08-12,2019,8,26.8,80.8,15.6,1.2,12.0
2019-08-13,2019,8,29.1,84.1,14.9,0.3,3.0
2019-08-14,2019,8,32.2,75.7,12.7,0.3,3.0
2019-08-15,2019,8,30.1,76.7,7.4,0.2,2.0
2019-08-16,2019,8,27.8,78.5,11.4,4.2,42.0
2019-08-17,2019,8,28.6,73.3,12.9,1.8,18.0
2019-08-18,2019,8,31.4,75.9,12.5,4.2,42.0
2019-08-19,2019,8,28.5,77.6,6.5,1.5,15.0
2019-08-20,2019,8,30.4,84.4,9.3,4.1,41.0
2019-08-21,2019,8,30.1,81.3,11.8,1.5,15.0
2019-08-22,2019,8,28.7,81.0,13.6,2.7,27.0
2019-08-23,2019,8,34.3,84.3,5.4,1.6,16.0
2019-08-24,2019,8,31.3,79.3,11.5,1.4,14.0
2019-08-25,2019,8,25.9,82.0,12.4,0.7,7.0
2019-08-26,2019,8,30.4,79.5,14.5,3.0,30.0
2019-08-27,2019,8,28.7,81.3,14.1,0.5,5.0
2019-08-28,2019,8,31.7,77.1,13.7,3.0,30.0
2019-08-29,2019,8,28.4,67.8,9.6,1.9,19.0
2019-08-30,2019,8,29.8,79.3,6.3,3.1,31.0
2019-08-31,2019,8,31.0,87.1,10.8,2.0,20.0
2019-09-01,2019,9,31.7,84.6,15.0,4.4,44.0
2019-09-02,2019,9,27.6,84.8,16.2,2.5,25.0
2019-09-03,2019,9,29.3,86.2,14.1,1.9,19.0
2019-09-04,2019,9,29.1,80.4,13.3,4.6,46.0
2019-09-05,2019,9,28.7,81.0,13.1,0.2,2.0
2019-09-06,2019,9,33.5,76.9,10.3,0.4,4.0
2019-09-07,2019,9,30.8,78.4,11.6,3.3,33.0
2019-09-08,2019,9,27.5,83.1,17.0,1.8,18.0
2019-09-09,2019,9,31.8,86.0,9.2,0.3,3.0
2019-09-10,2019,9,34.2,79.3,16.8,0.9,9.0
2019-09-11,2019,9,32.1,77.7,11.0,4.4,44.0
2019-09-12,2019,9,27.0,80.0,16.0,2.0,20.0
2019-09-13,2019,9,29.0,83.0,7.8,1.8,18.0
2019-09-14,2019,9,32.5,72.8,13.8,0.8,8.0
2019-09-15,2019,9,28.6,68.5,9.8,3.4,34.0
2019-09-16,2019,9,30.9,77.2,7.8,1.6,16.0
2019-09-17,2019,9,31.5,73.9,12.7,2.9,29.0
2019-09-18,2019,9,28.1,77.5,15.0,0.7,7.0
2019-09-19,2019,9,29.9,79.3,9.5,7.9,79.0
2019-09-20,2019,9,23.5,77.7,7.5,5.0,50.0
2019-09-21,2019,9,28.0,87.3,11.7,2.0,20.0
2019-09-22,2019,9,29.5,81.6,11.7,2.4,24.0
2019-09-23,2019,9,27.5,81.5,13.6,1.0,10.0
2019-09-24,2019,9,33.3,83.1,14.8,3.1,31.0
2019-09-25,2019,9,27.1,74.3,11.8,6.0,60.0
2019-09-26,2019,9,29.1,85.2,17.6,3.0,30.0
2019-09-27,2019,9,30.3,79.6,12.7,0.6,6.0
2019-09-28,2019,9,32.9,83.4,11.0,5.9,59.0
2019-09-29,2019,9,27.1,74.6,7.2,7.4,74.0
2019-09-30,2019,9,32.3,72.2,11.2,2.5,25.0
2019-10-01,2019,10,30.0,84.1,11.0,0.8,8.0
2019-10-02,2019,10,28.0,81.9,14.9,1.8,18.0
2019-10-03,2019,10,30.9,75.5,13.4,2.8,28.0
2019-10-04,2019,10,30.4,75.7,8.5,2.3,23.0
2019-10-05,2019,10,28.8,85.6,12.5,0.6,6.0
2019-10-06,2019,10,30.1,74.1,14.0,2.7,27.0
2019-10-07,2019,10,29.2,88.2,16.6,4.4,44.0
2019-10-08,2019,10,30.2,75.5,14.7,0.4,4.0
2019-10-09,2019,10,31.3,83.2,14.3,0.5,5.0
2019-10-10,2019,10,33.2,78.4,12.2,0.9,9.0
2019-10-11,2019,10,27.5,83.0,13.2,1.4,14.0
2019-10-12,2019,10,34.3,77.3,15.7,3.5,35.0
2019-10-13,2019,10,26.1,79.2,8.0,4.3,43.0
2019-10-14,2019,10,29.7,80.2,11.0,0.7,7.0
2019-10-15,2019,10,31.2,75.0,9.7,2.1,21.0
2019-10-16,2019,10,30.6,83.7,13.1,4.2,42.0
2019-10-17,2019,10,28.8,77.4,15.7,2.1,21.0
2019-10-18,2019,10,29.6,78.9,10.2,2.2,22.0
2019-10-19,2019,10,29.0,75.0,4.8,2.5,25.0
2019-10-20,2019,10,28.8,67.2,10.8,1.3,13.0
2019-10-21,2019,10,31.7,79.0,14.7,1.9,19.0
2019-10-22,2019,10,30.7,92.1,13.6,0.1,1.0
2019-10-23,2019,10,28.6,83.9,13.3,1.0,10.0
2019-10-24,2019,10,31.8,79.9,11.2,2.7,27.0
2019-10-25,2019,10,30.6,78.7,8.2,0.7,7.0
2019-10-26,2019,10,31.6,80.1,13.5,3.6,36.0
2019-10-27,2019,10,31.3,82.7,9.5,0.2,2.0
2019-10-28,2019,10,28.3,74.1,18.6,3.4,34.0
2019-10-29,2019,10,28.9,85.6,13.7,3.4,34.0
2019-10-30,2019,10,31.5,83.6,10.3,8.3,83.0
2019-10-31,2019,10,31.2,83.6,10.2,1.2,12.0
2019-11-01,2019,11,30.0,82.2,11.7,1.8,18.0
2019-11-02,2019,11,30.2,80.1,11.3,5.6,56.0
2019-11-03,2019,11,32.6,83.4,15.4,5.1,51.0
2019-11-04,2019,11,28.8,83.0,12.6,4.0,40.0
2019-11-05,2019,11,31.1,78.2,9.8,2.4,24.0
2019-11-06,2019,11,29.6,77.1,17.7,5.5,55.0
2019-11-07,2019,11,29.6,80.5,12.1,10.5,105.0
2019-11-08,2019,11,32.2,87.7,14.3,2.9,29.0
2019-11-09,2019,11,31.7,73.8,10.2,1.8,18.0
2019-11-10,2019,11,31.6,72.7,13.1,3.2,32.0
2019-11-11,2019,11,32.6,80.8,12.9,2.1,21.0
2019-11-12,2019,11,30.0,80.3,6.3,1.3,13.0
2019-11-13,2019,11,31.4,80.9,18.0,3.6,36.0
2019-11-14,2019,11,29.4,81.2,15.9,1.1,11.0
2019-11-15,2019,11,30.6,78.9,10.8,2.9,29.0
2019-11-16,2019,11,29.7,87.4,8.7,0.3,3.0
2019-11-17,2019,11,30.2,72.0,13.0,6.2,62.0
2019-11-18,2019,11,31.2,75.9,12.3,0.8,8.0
2019-11-19,2019,11,28.4,79.5,13.1,0.4,4.0
2019-11-20,2019,11,34.2,71.8,12.6,4.9,49.0
2019-11-21,2019,11,28.0,79.1,13.5,5.6,56.0
2019-11-22,2019,11,27.6,88.3,16.3,2.3,23.0
2019-11-23,2019,11,32.3,80.1,13.7,1.6,16.0
2019-11-24,2019,11,31.6,81.2,8.9,1.3,13.0
2019-11-25,2019,11,31.2,73.7,16.1,2.2,22.0
2019-11-26,2019,11,31.3,76.9,16.9,1.7,17.0
2019-11-27,2019,11,30.0,78.1,21.5,1.5,15.0
2019-11-28,2019,11,28.2,78.4,8.6,0.7,7.0
2019-11-29,2019,11,30.2,86.4,12.7,0.5,5.0
2019-11-30,2019,11,28.6,82.8,5.8,1.9,19.0
2019-12-01,2019,12,32.0,74.4,13.7,0.0,0.0
2019-12-02,2019,12,29.7,81.2,10.4,1.0,10.0
2019-12-03,2019,12,28.3,82.5,17.8,0.2,2.0
2019-12-04,2019,12,29.4,85.7,9.7,0.3,3.0
2019-12-05,2019,12,30.8,87.9,6.9,0.1,1.0
2019-12-06,2019,12,28.9,74.9,10.6,0.0,0.0
2019-12-07,2019,12,28.4,75.9,6.1,0.0,0.0
2019-12-08,2019,12,30.5,73.7,14.3,0.0,0.0
2019-12-09,2019,12,30.5,78.8,5.8,0.0,0.0
2019-12-10,2019,12,29.0,82.3,12.1,0.0,0.0
2019-12-11,2019,12,29.1,84.9,5.8,0.0,0.0
2019-12-12,2019,12,30.5,79.6,11.0,0.8,8.0
2019-12-13,2019,12,27.1,78.4,16.9,0.1,1.0
2019-12-14,2019,12,27.2,80.8,13.1,0.2,2.0
2019-12-15,2019,12,28.6,75.8,9.4,0.0,0.0
2019-12-16,2019,12,29.6,90.4,11.9,0.0,0.0
2019-12-17,2019,12,30.6,72.0,12.1,0.1,1.0
2019-12-18,2019,12,33.0,80.9,13.4,0.0,0.0
2019-12-19,2019,12,31.7,90.1,7.9,0.1,1.0
2019-12-20,2019,12,29.7,80.0,13.8,0.8,8.0
2019-12-21,2019,12,30.0,79.0,3.9,1.3,13.0
2019-12-22,2019,12,28.0,78.2,10.1,0.1,1.0
2019-12-23,2019,12,30.0,79.1,10.5,0.0,0.0
2019-12-24,2019,12,29.4,86.9,13.9,0.2,2.0
2019-12-25,2019,12,30.6,68.9,12.1,0.1,1.0
2019-12-26,2019,12,28.3,87.7,7.8,0.0,0.0
2019-12-27,2019,12,31.0,72.9,9.0,0.0,0.0
2019-12-28,2019,12,33.1,78.7,12.6,0.0,0.0
2019-12-29,2019,12,29.8,77.9,11.8,0.3,3.0
2019-12-30,2019,12,30.8,82.9,10.3,0.0,0.0
2019-12-31,2019,12,31.4,72.0,10.6,0.0,0.0
2020-01-01,2020,1,29.2,82.3,14.1,0.0,0.0
2020-01-02,2020,1,30.4,90.1,10.4,0.0,0.0
2020-01-03,2020,1,30.0,73.2,11.7,0.9,9.0
2020-01-04,2020,1,30.2,80.9,18.5,0.1,1.0
2020-01-05,2020,1,28.5,76.7,7.7,0.1,1.0
2020-01-06,2020,1,30.0,82.1,6.4,0.1,1.0
2020-01-07,2020,1,31.0,80.1,14.4,1.3,13.0
2020-01-08,2020,1,32.9,76.8,10.0,0.0,0.0
2020-01-09,2020,1,31.9,82.4,11.0,0.0,0.0
2020-01-10,2020,1,34.3,89.0,9.7,0.0,0.0
2020-01-11,2020,1,28.5,79.0,11.2,0.2,2.0
2020-01-12,2020,1,31.7,83.6,16.8,0.1,1.0
2020-01-13,2020,1,30.4,73.5,14.4,0.2,2.0
2020-01-14,2020,1,34.4,75.2,14.6,0.0,0.0
2020-01-15,2020,1,28.4,82.4,7.8,0.5,5.0
2020-01-16,2020,1,28.3,87.4,8.5,0.5,5.0
2020-01-17,2020,1,28.8,81.8,3.5,0.0,0.0
2020-01-18,2020,1,25.8,78.4,9.6,0.4,4.0
2020-01-19,2020,1,28.9,80.0,14.9,0.1,1.0
2020-01-20,2020,1,28.5,73.7,13.6,0.1,1.0
2020-01-21,2020,1,30.3,83.0,11.3,0.0,0.0
2020-01-22,2020,1,30.7,84.4,11.9,0.0,0.0
2020-01-23,2020,1,33.8,77.7,9.9,0.0,0.0
2020-01-24,2020,1,31.9,77.6,12.6,0.1,1.0
2020-01-25,2020,1,28.8,81.3,14.3,0.0,0.0
2020-01-26,2020,1,28.2,77.8,7.2,0.6,6.0
2020-01-27,2020,1,31.0,79.7,12.9,1.2,12.0
2020-01-28,2020,1,27.4,90.5,14.8,0.1,1.0
2020-01-29,2020,1,33.7,78.8,10.8,0.2,2.0
2020-01-30,2020,1,32.4,78.2,14.1,0.0,0.0
2020-01-31,2020,1,29.1,76.8,20.4,0.2,2.0
2020-02-01,2020,2,26.6,83.7,11.7,0.0,0.0
2020-02-02,2020,2,32.7,79.1,13.2,0.0,0.0
2020-02-03,2020,2,29.8,76.8,9.8,0.1,1.0
2020-02-04,2020,2,32.5,86.6,12.5,0.0,0.0
2020-02-05,2020,2,26.8,87.1,13.4,0.5,5.0
2020-02-06,2020,2,28.8,77.0,12.6,0.1,1.0
2020-02-07,2020,2,30.0,70.7,8.9,0.3,3.0
2020-02-08,2020,2,30.1,85.0,12.6,0.0,0.0
2020-02-09,2020,2,29.1,76.6,16.4,0.2,2.0
2020-02-10,2020,2,31.2,84.0,13.3,0.0,0.0
2020-02-11,2020,2,27.9,70.1,14.9,0.0,0.0
2020-02-12,2020,2,29.7,84.5,11.3,0.0,0.0
2020-02-13,2020,2,30.2,73.9,14.2,0.1,1.0
2020-02-14,2020,2,31.0,83.7,12.8,0.7,7.0
2020-02-15,2020,2,31.4,80.1,9.1,0.0,0.0
2020-02-16,2020,2,27.8,75.2,13.0,0.3,3.0
2020-02-17,2020,2,26.9,78.0,9.0,0.0,0.0
2020-02-18,2020,2,32.6,83.4,10.1,0.2,2.0
2020-02-19,2020,2,30.7,80.5,12.6,0.0,0.0
2020-02-20,2020,2,28.5,82.9,12.9,0.6,6.0
2020-02-21,2020,2,33.1,89.9,8.4,0.4,4.0
2020-02-22,2020,2,30.2,72.2,15.2,0.5,5.0
2020-02-23,2020,2,32.4,88.1,13.7,0.2,2.0
2020-02-24,2020,2,30.1,80.5,9.9,0.0,0.0
2020-02-25,2020,2,34.1,75.5,7.4,0.1,1.0
2020-02-26,2020,2,33.5,73.3,11.6,0.1,1.0
2020-02-27,2020,2,29.5,79.1,10.7,0.1,1.0
2020-02-28,2020,2,31.9,84.6,12.3,0.9,9.0
2020-02-29,2020,2,31.3,79.4,10.9,0.1,1.0
2020-03-01,2020,3,32.7,87.6,6.0,0.2,2.0
2020-03-02,2020,3,28.1,72.7,10.8,1.1,11.0
2020-03-03,2020,3,31.4,79.9,11.1,0.8,8.0
2020-03-04,2020,3,32.1,73.7,13.9,0.2,2.0
2020-03-05,2020,3,26.5,81.8,9.9,0.0,0.0
2020-03-06,2020,3,27.6,84.4,17.0,0.7,7.0
2020-03-07,2020,3,25.9,77.9,6.3,0.0,0.0
2020-03-08,2020,3,29.5,67.0,15.9,0.1,1.0
2020-03-09,2020,3,31.4,81.0,11.3,0.0,0.0
2020-03-10,2020,3,33.0,82.2,14.6,1.0,10.0
2020-03-11,2020,3,30.1,82.0,12.2,0.3,3.0
2020-03-12,2020,3,33.3,86.2,15.4,0.0,0.0
2020-03-13,2020,3,27.2,74.6,10.8,0.3,3.0
2020-03-14,2020,3,26.6,83.4,8.7,0.1,1.0
2020-03-15,2020,3,29.9,86.0,16.3,0.4,4.0
2020-03-16,2020,3,30.8,71.1,11.7,0.4,4.0
2020-03-17,2020,3,29.9,81.6,12.7,0.2,2.0
2020-03-18,2020,3,25.9,77.5,15.7,0.0,0.0
2020-03-19,2020,3,29.8,79.6,8.9,0.0,0.0
2020-03-20,2020,3,27.4,81.7,13.8,0.0,0.0
2020-03-21,2020,3,31.3,77.6,10.2,0.3,3.0
2020-03-22,2020,3,30.7,76.6,11.6,0.0,0.0
2020-03-23,2020,3,28.1,80.2,12.2,0.2,2.0
2020-03-24,2020,3,29.0,74.6,7.5,0.4,4.0
2020-03-25,2020,3,27.9,74.6,9.7,0.6,6.0
2020-03-26,2020,3,29.9,83.4,16.1,0.2,2.0
2020-03-27,2020,3,31.9,74.3,14.7,0.3,3.0
2020-03-28,2020,3,28.0,83.3,11.8,0.1,1.0
2020-03-29,2020,3,31.0,82.3,12.7,0.1,1.0
2020-03-30,2020,3,28.9,71.4,11.1,0.1,1.0
2020-03-31,2020,3,28.4,76.6,16.1,0.5,5.0
2020-04-01,2020,4,29.8,86.0,11.4,0.0,0.0
2020-04-02,2020,4,27.9,75.1,12.7,0.5,5.0
2020-04-03,2020,4,28.9,77.7,15.4,0.1,1.0
2020-04-04,2020,4,27.6,82.3,9.7,0.1,1.0
2020-04-05,2020,4,33.9,83.9,16.7,0.0,0.0
2020-04-06,2020,4,30.1,78.7,7.4,0.4,4.0
2020-04-07,2020,4,28.6,77.0,16.9,0.0,0.0
2020-04-08,2020,4,30.4,87.1,10.9,0.1,1.0
2020-04-09,2020,4,29.8,88.7,11.3,0.0,0.0
2020-04-10,2020,4,29.6,84.9,6.3,0.7,7.0
2020-04-11,2020,4,31.2,80.4,10.6,0.0,0.0
2020-04-12,2020,4,31.5,76.0,8.9,1.6,16.0
2020-04-13,2020,4,28.9,75.8,10.2,0.5,5.0
2020-04-14,2020,4,28.8,82.6,11.6,0.1,1.0
2020-04-15,2020,4,29.4,82.1,14.9,0.1,1.0
2020-04-16,2020,4,25.4,87.0,12.6,0.2,2.0
2020-04-17,2020,4,27.0,83.3,12.9,0.1,1.0
2020-04-18,2020,4,32.7,72.5,8.7,0.1,1.0
2020-04-19,2020,4,33.3,85.3,9.4,0.1,1.0
2020-04-20,2020,4,29.5,75.0,17.4,0.3,3.0
2020-04-21,2020,4,31.2,78.1,9.8,0.6,6.0
2020-04-22,2020,4,30.6,81.3,17.0,0.2,2.0
2020-04-23,2020,4,36.2,90.0,11.3,0.1,1.0
2020-04-24,2020,4,32.2,95.5,12.0,0.0,0.0
2020-04-25,2020,4,29.7,83.0,15.2,0.0,0.0
2020-04-26,2020,4,28.1,79.1,15.8,0.3,3.0
2020-04-27,2020,4,26.8,82.7,11.7,1.4,14.0
2020-04-28,2020,4,30.4,84.4,10.8,0.0,0.0
2020-04-29,2020,4,28.5,78.4,11.8,0.7,7.0
2020-04-30,2020,4,27.2,89.0,13.0,0.2,2.0
2020-05-01,2020,5,28.7,81.2,14.7,0.1,1.0
2020-05-02,2020,5,27.8,82.5,12.0,0.0,0.0
2020-05-03,2020,5,33.4,83.3,13.9,0.1,1.0
2020-05-04,2020,5,31.8,82.1,16.9,0.5,5.0
2020-05-05,2020,5,30.0,84.2,13.1,0.5,5.0
2020-05-06,2020,5,33.0,76.9,12.9,0.0,0.0
2020-05-07,2020,5,30.2,77.2,7.4,0.3,3.0
2020-05-08,2020,5,28.3,74.5,4.1,0.1,1.0
2020-05-09,2020,5,33.0,82.2,13.2,1.9,19.0
2020-05-10,2020,5,31.1,83.9,11.7,0.1,1.0
2020-05-11,2020,5,27.9,82.3,10.5,0.3,3.0
2020-05-12,2020,5,29.6,88.4,12.7,0.0,0.0
2020-05-13,2020,5,28.2,80.0,11.8,0.0,0.0
2020-05-14,2020,5,27.2,83.3,15.4,0.0,0.0
2020-05-15,2020,5,31.9,74.5,12.3,0.0,0.0
2020-05-16,2020,5,33.8,78.1,9.8,0.7,7.0
2020-05-17,2020,5,27.2,83.5,15.0,0.4,4.0
2020-05-18,2020,5,31.1,84.2,11.3,0.1,1.0
2020-05-19,2020,5,28.7,78.5,13.6,0.1,1.0
2020-05-20,2020,5,29.0,79.6,10.6,0.0,0.0
2020-05-21,2020,5,28.8,72.4,10.1,0.2,2.0
2020-05-22,2020,5,28.3,78.2,12.3,0.0,0.0
2020-05-23,2020,5,30.1,84.5,12.0,0.1,1.0
2020-05-24,2020,5,28.3,82.9,13.4,0.1,1.0
2020-05-25,2020,5,30.5,82.5,11.2,0.0,0.0
2020-05-26,2020,5,29.9,80.2,6.5,0.4,4.0
2020-05-27,2020,5,29.5,80.0,10.7,0.3,3.0
2020-05-28,2020,5,28.2,76.7,14.4,0.1,1.0
2020-05-29,2020,5,28.8,83.5,11.1,0.1,1.0
2020-05-30,2020,5,31.5,82.1,11.3,0.1,1.0
2020-05-31,2020,5,31.0,82.5,15.0,0.0,0.0
2020-06-01,2020,6,28.0,77.4,9.9,0.4,4.0
2020-06-02,2020,6,30.2,69.2,7.4,1.3,13.0
2020-06-03,2020,6,31.5,85.5,11.5,0.1,1.0
2020-06-04,2020,6,26.7,77.6,10.5,1.6,16.0
2020-06-05,2020,6,31.1,75.7,9.1,3.4,34.0
2020-06-06,2020,6,28.7,83.5,11.5,0.7,7.0
2020-06-07,2020,6,31.1,78.0,13.5,0.8,8.0
2020-06-08,2020,6,28.5,85.3,12.0,1.1,11.0
2020-06-09,2020,6,26.4,83.1,12.9,2.4,24.0
2020-06-10,2020,6,26.7,83.4,17.4,0.5,5.0
2020-06-11,2020,6,30.1,73.2,11.0,0.9,9.0
2020-06-12,2020,6,30.5,86.1,12.8,0.4,4.0
2020-06-13,2020,6,28.2,81.3,10.5,3.9,39.0
2020-06-14,2020,6,31.3,78.2,9.5,1.2,12.0
2020-06-15,2020,6,26.7,80.7,10.2,0.4,4.0
2020-06-16,2020,6,29.9,71.1,10.6,0.4,4.0
2020-06-17,2020,6,27.6,82.0,13.1,3.4,34.0
2020-06-18,2020,6,28.7,74.9,19.0,0.7,7.0
2020-06-19,2020,6,30.1,73.2,9.9,1.1,11.0
2020-06-20,2020,6,28.3,72.4,10.8,1.8,18.0
2020-06-21,2020,6,29.2,85.6,11.8,1.3,13.0
2020-06-22,2020,6,32.0,76.9,13.2,0.1,1.0
2020-06-23,2020,6,28.8,87.7,12.8,2.9,29.0
2020-06-24,2020,6,31.7,77.3,15.9,1.4,14.0
2020-06-25,2020,6,27.7,71.5,4.7,2.3,23.0
2020-06-26,2020,6,31.1,74.4,4.8,3.1,31.0
2020-06-27,2020,6,32.9,86.2,10.5,0.1,1.0
2020-06-28,2020,6,25.1,79.2,15.3,3.2,32.0
2020-06-29,2020,6,28.4,77.3,7.3,9.7,97.0
2020-06-30,2020,6,31.2,80.8,3.0,2.5,25.0
2020-07-01,2020,7,29.6,82.5,13.7,4.9,49.0
2020-07-02,2020,7,30.7,85.6,12.7,3.8,38.0
2020-07-03,2020,7,28.8,87.2,8.7,3.1,31.0
2020-07-04,2020,7,30.2,78.2,9.0,3.9,39.0
2020-07-05,2020,7,29.7,73.4,9.1,4.4,44.0
2020-07-06,2020,7,32.3,77.9,12.3,4.6,46.0
2020-07-07,2020,7,30.5,81.3,10.1,0.4,4.0
2020-07-08,2020,7,30.7,75.2,13.5,4.1,41.0
2020-07-09,2020,7,29.2,75.2,3.4,1.4,14.0
2020-07-10,2020,7,29.0,81.7,9.4,4.7,47.0
2020-07-11,2020,7,29.1,79.8,8.6,2.7,27.0
2020-07-12,2020,7,30.8,80.2,11.2,0.4,4.0
2020-07-13,2020,7,29.2,76.2,10.4,5.2,52.0
2020-07-14,2020,7,30.6,78.8,14.4,0.8,8.0
2020-07-15,2020,7,34.2,75.4,6.4,1.3,13.0
2020-07-16,2020,7,31.7,84.5,12.1,6.2,62.0
2020-07-17,2020,7,29.3,85.2,13.7,2.0,20.0
2020-07-18,2020,7,32.4,70.8,17.6,1.2,12.0
2020-07-19,2020,7,29.2,75.4,10.6,1.6,16.0
2020-07-20,2020,7,25.9,72.5,13.0,1.2,12.0
2020-07-21,2020,7,28.0,76.7,6.6,3.4,34.0
2020-07-22,2020,7,26.3,79.6,4.8,1.3,13.0
2020-07-23,2020,7,29.3,72.8,14.5,1.7,17.0
2020-07-24,2020,7,30.0,75.4,12.0,2.9,29.0
2020-07-25,2020,7,33.4,75.0,15.5,2.6,26.0
2020-07-26,2020,7,30.7,81.0,7.9,0.9,9.0
2020-07-27,2020,7,29.6,80.3,13.6,3.4,34.0
2020-07-28,2020,7,31.7,76.4,17.6,1.0,10.0
2020-07-29,2020,7,25.6,80.9,13.3,0.6,6.0
2020-07-30,2020,7,30.5,77.3,12.8,0.2,2.0
2020-07-31,2020,7,31.5,78.6,12.0,1.5,15.0
2020-08-01,2020,8,27.0,88.4,7.3,0.2,2.0
2020-08-02,2020,8,32.3,86.7,16.1,0.7,7.0
2020-08-03,2020,8,30.7,73.5,10.2,1.7,17.0
2020-08-04,2020,8,29.2,84.1,13.5,4.4,44.0
2020-08-05,2020,8,31.3,84.1,7.3,1.3,13.0
2020-08-06,2020,8,34.5,74.3,8.5,0.3,3.0
2020-08-07,2020,8,30.4,84.1,16.3,1.6,16.0
2020-08-08,2020,8,30.5,87.7,11.0,4.2,42.0
2020-08-09,2020,8,29.1,74.4,16.4,1.3,13.0
2020-08-10,2020,8,28.3,75.4,11.8,5.0,50.0
2020-08-11,2020,8,31.7,85.1,6.5,1.7,17.0
2020-08-12,2020,8,28.3,81.4,14.7,3.2,32.0
2020-08-13,2020,8,30.1,82.8,10.2,2.1,21.0
2020-08-14,2020,8,29.0,81.7,14.1,4.8,48.0
2020-08-15,2020,8,31.0,82.0,12.1,8.0,80.0
2020-08-16,2020,8,30.7,73.4,7.4,1.1,11.0
2020-08-17,2020,8,32.1,85.2,12.5,2.0,20.0
2020-08-18,2020,8,29.0,85.8,18.6,4.4,44.0
2020-08-19,2020,8,29.5,78.9,13.5,2.2,22.0
2020-08-20,2020,8,28.0,79.8,11.8,0.2,2.0
2020-08-21,2020,8,29.1,72.3,15.2,1.3,13.0
2020-08-22,2020,8,30.8,82.6,12.6,2.2,22.0
2020-08-23,2020,8,31.5,82.9,12.6,5.8,58.0
2020-08-24,2020,8,28.2,79.7,8.7,1.9,19.0
2020-08-25,2020,8,31.7,85.6,12.7,0.7,7.0
2020-08-26,2020,8,32.7,78.3,15.1,2.2,22.0
2020-08-27,2020,8,30.8,82.8,9.5,5.4,54.0
2020-08-28,2020,8,33.8,74.9,16.3,0.9,9.0
2020-08-29,2020,8,28.5,79.9,11.7,1.1,11.0
2020-08-30,2020,8,27.5,79.1,9.3,0.9,9.0
2020-08-31,2020,8,26.4,81.1,15.0,0.4,4.0
2020-09-01,2020,9,33.0,78.2,11.1,1.8,18.0
2020-09-02,2020,9,31.3,79.3,14.3,1.7,17.0
2020-09-03,2020,9,29.9,84.1,11.1,0.2,2.0
2020-09-04,2020,9,30.6,77.8,11.8,0.7,7.0
2020-09-05,2020,9,27.7,72.0,13.5,2.1,21.0
2020-09-06,2020,9,34.9,88.7,12.9,3.1,31.0
2020-09-07,2020,9,30.3,86.9,6.0,3.8,38.0
2020-09-08,2020,9,30.2,73.5,8.6,3.3,33.0
2020-09-09,2020,9,31.5,83.4,14.8,1.7,17.0
2020-09-10,2020,9,31.0,77.5,11.6,0.3,3.0
2020-09-11,2020,9,30.4,81.3,10.4,1.4,14.0
2020-09-12,2020,9,28.4,81.5,7.9,0.0,0.0
2020-09-13,2020,9,30.9,78.8,8.8,2.1,21.0
2020-09-14,2020,9,33.8,76.1,5.9,0.9,9.0
2020-09-15,2020,9,32.7,76.5,11.7,0.1,1.0
2020-09-16,2020,9,33.2,75.4,10.2,2.4,24.0
2020-09-17,2020,9,29.0,75.8,9.1,5.3,53.0
2020-09-18,2020,9,28.0,79.7,11.8,0.2,2.0
2020-09-19,2020,9,29.7,76.4,13.1,2.6,26.0
2020-09-20,2020,9,30.1,83.4,18.3,1.2,12.0
2020-09-21,2020,9,32.2,87.4,7.5,0.8,8.0
2020-09-22,2020,9,26.6,77.1,15.5,0.8,8.0
2020-09-23,2020,9,33.1,81.2,14.9,1.2,12.0
2020-09-24,2020,9,29.7,82.5,9.7,1.2,12.0
2020-09-25,2020,9,29.1,82.4,12.6,1.7,17.0
2020-09-26,2020,9,28.0,80.4,10.6,0.7,7.0
2020-09-27,2020,9,26.7,83.7,12.6,0.9,9.0
2020-09-28,2020,9,31.6,82.4,16.5,2.8,28.0
2020-09-29,2020,9,30.1,73.8,13.8,0.6,6.0
2020-09-30,2020,9,27.4,84.3,13.5,2.2,22.0
2020-10-01,2020,10,27.4,84.4,10.7,1.2,12.0
2020-10-02,2020,10,29.3,76.2,7.5,1.0,10.0
2020-10-03,2020,10,33.3,80.2,11.4,6.7,67.0
2020-10-04,2020,10,29.5,83.4,15.6,0.4,4.0
2020-10-05,2020,10,27.0,79.0,7.4,5.6,56.0
2020-10-06,2020,10,29.5,85.4,8.8,3.5,35.0
2020-10-07,2020,10,29.5,91.8,12.4,0.9,9.0
2020-10-08,2020,10,24.6,76.1,9.0,3.6,36.0
2020-10-09,2020,10,29.9,73.1,9.6,0.0,0.0
2020-10-10,2020,10,29.5,81.5,10.7,0.8,8.0
2020-10-11,2020,10,31.4,83.6,7.9,0.6,6.0
2020-10-12,2020,10,33.7,78.8,9.1,2.5,25.0
2020-10-13,2020,10,32.3,87.3,14.1,3.2,32.0
2020-10-14,2020,10,29.5,73.3,8.1,2.4,24.0
2020-10-15,2020,10,27.8,83.5,7.2,2.0,20.0
2020-10-16,2020,10,35.1,77.0,10.1,3.7,37.0
2020-10-17,2020,10,30.1,88.6,14.2,3.3,33.0
2020-10-18,2020,10,30.0,90.0,11.4,0.9,9.0
2020-10-19,2020,10,30.0,76.2,10.6,1.0,10.0
2020-10-20,2020,10,30.4,77.3,12.1,3.2,32.0
2020-10-21,2020,10,29.7,84.3,6.8,1.7,17.0
2020-10-22,2020,10,28.9,78.1,13.5,1.8,18.0
2020-10-23,2020,10,28.9,79.8,13.2,2.0,20.0
2020-10-24,2020,10,29.9,80.1,10.8,0.2,2.0
2020-10-25,2020,10,28.9,70.4,15.0,0.8,8.0
2020-10-26,2020,10,28.6,79.9,8.6,2.6,26.0
2020-10-27,2020,10,30.2,76.6,15.4,0.8,8.0
2020-10-28,2020,10,29.5,77.5,12.5,1.4,14.0
2020-10-29,2020,10,33.0,87.2,11.0,2.6,26.0
2020-10-30,2020,10,24.7,73.7,11.9,3.9,39.0
2020-10-31,2020,10,32.2,84.1,11.7,4.3,43.0
2020-11-01,2020,11,32.5,78.6,15.7,4.5,45.0
2020-11-02,2020,11,25.9,78.6,8.8,1.5,15.0
2020-11-03,2020,11,29.3,84.0,9.7,1.4,14.0
2020-11-04,2020,11,29.3,81.7,15.1,0.5,5.0
2020-11-05,2020,11,27.2,82.9,10.2,5.3,53.0
2020-11-06,2020,11,28.4,84.8,14.7,1.3,13.0
2020-11-07,2020,11,27.8,78.3,17.1,5.3,53.0
2020-11-08,2020,11,33.5,76.9,10.8,2.3,23.0
2020-11-09,2020,11,31.9,74.6,14.0,4.1,41.0
2020-11-10,2020,11,32.5,75.9,8.5,1.6,16.0
2020-11-11,2020,11,31.4,94.7,14.3,2.8,28.0
2020-11-12,2020,11,27.7,86.2,12.6,4.2,42.0
2020-11-13,2020,11,29.0,73.2,13.4,1.1,11.0
2020-11-14,2020,11,31.0,73.4,10.1,4.5,45.0
2020-11-15,2020,11,27.6,82.4,7.0,0.5,5.0
2020-11-16,2020,11,31.4,82.7,13.5,6.5,65.0
2020-11-17,2020,11,29.5,82.7,5.8,2.0,20.0
2020-11-18,2020,11,29.3,78.7,11.0,0.9,9.0
2020-11-19,2020,11,31.4,79.4,14.8,3.4,34.0
2020-11-20,2020,11,30.9,81.6,12.6,2.3,23.0
2020-11-21,2020,11,29.3,80.4,17.8,0.2,2.0
2020-11-22,2020,11,32.3,68.9,15.1,1.2,12.0
2020-11-23,2020,11,27.8,78.9,10.0,0.6,6.0
2020-11-24,2020,11,31.2,75.7,12.1,0.6,6.0
2020-11-25,2020,11,31.2,80.9,11.9,0.6,6.0
2020-11-26,2020,11,29.4,94.9,7.3,2.7,27.0
2020-11-27,2020,11,30.7,81.8,9.2,3.6,36.0
2020-11-28,2020,11,27.5,78.4,10.3,0.8,8.0
2020-11-29,2020,11,31.8,84.6,5.9,7.7,77.0
2020-11-30,2020,11,29.6,82.4,12.1,2.0,20.0
2020-12-01,2020,12,29.0,82.1,11.3,0.1,1.0
2020-12-02,2020,12,32.1,83.0,7.0,0.3,3.0
2020-12-03,2020,12,28.6,90.3,13.2,0.1,1.0
2020-12-04,2020,12,27.2,74.3,14.1,0.1,1.0
2020-12-05,2020,12,26.9,82.4,12.7,0.1,1.0
2020-12-06,2020,12,31.2,75.4,11.0,0.7,7.0
2020-12-07,2020,12,27.4,82.8,13.8,0.1,1.0
2020-12-08,2020,12,33.5,75.4,14.0,0.3,3.0
2020-12-09,2020,12,25.8,77.9,12.9,0.2,2.0
2020-12-10,2020,12,33.4,78.5,9.5,0.1,1.0
2020-12-11,2020,12,30.4,84.9,12.8,0.0,0.0
2020-12-12,2020,12,29.8,84.6,15.6,0.0,0.0
2020-12-13,2020,12,28.9,73.8,10.2,0.1,1.0
2020-12-14,2020,12,30.8,80.3,18.3,0.0,0.0
2020-12-15,2020,12,29.9,76.5,10.4,0.0,0.0
2020-12-16,2020,12,32.2,73.7,12.1,0.0,0.0
2020-12-17,2020,12,30.2,78.9,10.0,0.3,3.0
2020-12-18,2020,12,30.3,78.5,12.7,0.0,0.0
2020-12-19,2020,12,29.3,92.1,6.8,0.0,0.0
2020-12-20,2020,12,29.9,82.2,10.4,0.5,5.0
2020-12-21,2020,12,30.6,73.1,8.7,0.2,2.0
2020-12-22,2020,12,26.6,77.2,12.4,0.5,5.0
2020-12-23,2020,12,27.3,85.1,15.0,0.0,0.0
2020-12-24,2020,12,31.5,90.4,13.9,0.1,1.0
2020-12-25,2020,12,30.3,72.1,4.9,0.3,3.0
2020-12-26,2020,12,29.6,70.6,18.1,0.0,0.0
2020-12-27,2020,12,30.0,89.4,12.9,0.0,0.0
2020-12-28,2020,12,30.7,81.9,9.7,0.1,1.0
2020-12-29,2020,12,28.9,75.7,12.5,0.1,1.0
2020-12-30,2020,12,28.4,82.7,12.5,0.0,0.0
2020-12-31,2020,12,30.4,66.8,10.0,0.1,1.0
2021-01-01,2021,1,28.0,80.0,12.6,0.0,0.0
2021-01-02,2021,1,30.8,81.6,10.2,0.2,2.0
2021-01-03,2021,1,26.6,84.6,10.8,0.3,3.0
2021-01-04,2021,1,32.1,74.9,9.9,0.0,0.0
2021-01-05,2021,1,30.9,80.4,7.7,0.0,0.0
2021-01-06,2021,1,30.5,75.4,12.4,0.0,0.0
2021-01-07,2021,1,32.0,81.3,13.8,0.0,0.0
2021-01-08,2021,1,33.3,75.5,13.5,0.0,0.0
2021-01-09,2021,1,32.0,78.0,14.5,0.1,1.0
2021-01-10,2021,1,26.3,75.0,13.0,0.0,0.0
2021-01-11,2021,1,27.4,83.3,10.4,0.1,1.0
2021-01-12,2021,1,28.8,84.3,14.5,0.1,1.0
2021-01-13,2021,1,30.1,78.8,7.9,1.6,16.0
2021-01-14,2021,1,31.0,80.2,9.3,0.1,1.0
2021-01-15,2021,1,28.5,72.8,9.1,1.1,11.0
2021-01-16,2021,1,30.4,78.5,15.2,0.1,1.0
2021-01-17,2021,1,28.5,79.7,14.8,0.0,0.0
2021-01-18,2021,1,28.8,93.1,13.5,0.3,3.0
2021-01-19,2021,1,27.2,74.4,15.2,0.0,0.0
2021-01-20,2021,1,28.2,87.3,9.4,0.5,5.0
2021-01-21,2021,1,27.3,85.0,13.0,0.2,2.0
2021-01-22,2021,1,28.0,81.4,11.6,0.8,8.0
2021-01-23,2021,1,32.1,88.8,14.5,0.1,1.0
2021-01-24,2021,1,28.1,81.9,11.7,0.8,8.0
2021-01-25,2021,1,35.3,81.9,10.8,0.0,0.0
2021-01-26,2021,1,31.0,79.7,13.6,0.0,0.0
2021-01-27,2021,1,30.4,86.1,14.6,0.7,7.0
2021-01-28,2021,1,28.3,85.5,10.0,0.1,1.0
2021-01-29,2021,1,31.4,76.9,11.8,0.1,1.0
2021-01-30,2021,1,28.8,73.4,8.8,0.0,0.0
2021-01-31,2021,1,30.2,79.0,4.5,0.0,0.0
2021-02-01,2021,2,35.1,76.0,12.6,0.1,1.0
2021-02-02,2021,2,29.8,79.7,13.8,0.0,0.0
2021-02-03,2021,2,32.3,86.2,12.8,0.2,2.0
2021-02-04,2021,2,28.6,77.7,6.2,0.1,1.0
2021-02-05,2021,2,29.9,79.8,10.9,0.0,0.0
2021-02-06,2021,2,33.5,80.3,5.3,0.0,0.0
2021-02-07,2021,2,28.7,84.2,16.1,0.2,2.0
2021-02-08,2021,2,33.6,68.8,8.7,0.0,0.0
2021-02-09,2021,2,31.4,77.0,15.8,1.5,15.0
2021-02-10,2021,2,28.9,81.1,14.8,0.0,0.0
2021-02-11,2021,2,31.3,86.0,9.3,0.0,0.0
2021-02-12,2021,2,31.9,77.5,8.6,0.0,0.0
2021-02-13,2021,2,31.2,70.6,13.1,0.1,1.0
2021-02-14,2021,2,26.9,83.1,9.5,0.0,0.0
2021-02-15,2021,2,28.5,76.8,12.3,0.4,4.0
2021-02-16,2021,2,29.5,74.1,10.6,0.1,1.0
2021-02-17,2021,2,29.9,76.9,6.7,0.0,0.0
2021-02-18,2021,2,31.2,79.1,5.3,0.2,2.0
2021-02-19,2021,2,30.4,77.0,12.7,0.4,4.0
2021-02-20,2021,2,27.3,69.0,10.3,0.0,0.0
2021-02-21,2021,2,30.8,84.5,10.3,0.0,0.0
2021-02-22,2021,2,31.2,86.4,14.1,0.2,2.0
2021-02-23,2021,2,31.1,83.3,15.5,0.1,1.0
2021-02-24,2021,2,32.2,74.3,11.2,0.0,0.0
2021-02-25,2021,2,31.7,79.0,11.0,0.0,0.0
2021-02-26,2021,2,30.9,80.0,13.5,0.1,1.0
2021-02-27,2021,2,29.9,83.0,7.9,0.0,0.0
2021-02-28,2021,2,26.7,83.3,12.7,0.0,0.0
2021-03-01,2021,3,30.9,76.3,13.7,0.4,4.0
2021-03-02,2021,3,30.4,80.4,14.0,0.1,1.0
2021-03-03,2021,3,30.5,82.3,6.2,0.3,3.0
2021-03-04,2021,3,27.4,87.3,9.7,0.1,1.0
2021-03-05,2021,3,27.8,83.5,9.4,0.0,0.0
2021-03-06,2021,3,32.1,83.9,12.3,0.0,0.0
2021-03-07,2021,3,29.9,80.4,13.4,0.6,6.0
2021-03-08,2021,3,31.4,87.1,16.5,0.2,2.0
2021-03-09,2021,3,30.1,82.0,10.5,0.2,2.0
2021-03-10,2021,3,30.1,75.7,10.5,0.2,2.0
2021-03-11,2021,3,31.9,87.0,15.4,0.0,0.0
2021-03-12,2021,3,29.0,83.5,12.9,0.0,0.0
2021-03-13,2021,3,30.2,77.8,15.8,0.7,7.0
2021-03-14,2021,3,29.1,77.6,12.9,0.2,2.0
2021-03-15,2021,3,29.1,81.5,8.5,0.1,1.0
2021-03-16,2021,3,29.4,82.3,8.0,0.1,1.0
2021-03-17,2021,3,30.4,81.0,7.3,0.3,3.0
2021-03-18,2021,3,29.0,81.6,14.0,0.1,1.0
2021-03-19,2021,3,32.5,88.5,15.6,0.2,2.0
2021-03-20,2021,3,28.2,85.4,17.5,0.0,0.0
2021-03-21,2021,3,29.6,81.0,14.5,0.0,0.0
2021-03-22,2021,3,29.1,84.7,15.5,1.1,11.0
2021-03-23,2021,3,32.9,74.8,10.3,1.0,10.0
2021-03-24,2021,3,30.4,82.0,8.5,0.0,0.0
2021-03-25,2021,3,32.1,89.0,14.6,0.0,0.0
2021-03-26,2021,3,27.0,78.9,13.3,0.2,2.0
2021-03-27,2021,3,30.5,75.8,12.3,0.1,1.0
2021-03-28,2021,3,31.8,76.7,13.2,0.6,6.0
2021-03-29,2021,3,30.2,74.6,13.0,0.0,0.0
2021-03-30,2021,3,32.1,76.1,15.9,0.1,1.0
2021-03-31,2021,3,29.0,78.1,15.9,0.2,2.0
2021-04-01,2021,4,32.8,73.0,13.6,0.0,0.0
2021-04-02,2021,4,34.6,80.1,14.5,0.1,1.0
2021-04-03,2021,4,29.3,84.5,13.5,0.2,2.0
2021-04-04,2021,4,29.1,75.5,10.6,0.0,0.0
2021-04-05,2021,4,32.9,87.6,14.3,0.5,5.0
2021-04-06,2021,4,33.2,82.6,7.8,0.3,3.0
2021-04-07,2021,4,29.0,85.2,15.2,0.0,0.0
2021-04-08,2021,4,29.2,76.7,8.4,0.0,0.0
2021-04-09,2021,4,29.4,84.3,12.9,0.0,0.0
2021-04-10,2021,4,27.3,74.5,9.5,0.1,1.0
2021-04-11,2021,4,28.2,84.5,13.7,0.0,0.0
2021-04-12,2021,4,28.0,80.9,11.9,0.1,1.0
2021-04-13,2021,4,28.5,82.8,7.2,0.4,4.0
2021-04-14,2021,4,29.9,74.1,13.3,0.2,2.0
2021-04-15,2021,4,30.5,75.5,10.3,0.2,2.0
2021-04-16,2021,4,33.1,83.0,14.6,0.2,2.0
2021-04-17,2021,4,28.0,75.3,12.0,0.3,3.0
2021-04-18,2021,4,32.0,82.3,13.2,0.7,7.0
2021-04-19,2021,4,29.6,73.2,9.1,0.0,0.0
2021-04-20,2021,4,29.9,84.2,10.2,0.1,1.0
2021-04-21,2021,4,31.3,73.8,10.6,0.1,1.0
2021-04-22,2021,4,27.8,82.8,14.6,0.2,2.0
2021-04-23,2021,4,30.8,83.1,17.0,0.0,0.0
2021-04-24,2021,4,30.3,76.5,9.6,0.2,2.0
2021-04-25,2021,4,31.0,82.9,15.2,0.0,0.0
2021-04-26,2021,4,30.6,81.3,5.5,0.1,1.0
2021-04-27,2021,4,34.9,77.3,8.4,0.0,0.0
2021-04-28,2021,4,28.7,75.0,9.1,0.2,2.0
2021-04-29,2021,4,28.9,70.2,7.9,0.0,0.0
2021-04-30,2021,4,28.8,81.7,7.2,0.1,1.0
2021-05-01,2021,5,28.9,72.2,13.2,0.1,1.0
2021-05-02,2021,5,28.7,80.5,11.4,0.7,7.0
2021-05-03,2021,5,32.4,78.7,13.1,0.0,0.0
2021-05-04,2021,5,32.8,83.4,14.1,0.4,4.0
2021-05-05,2021,5,28.9,78.5,12.8,0.0,0.0
2021-05-06,2021,5,28.3,78.4,14.0,0.0,0.0
2021-05-07,2021,5,30.9,83.7,11.8,0.0,0.0
2021-05-08,2021,5,28.9,81.7,8.4,0.1,1.0
2021-05-09,2021,5,31.3,81.6,15.2,0.2,2.0
2021-05-10,2021,5,30.4,82.3,10.2,0.2,2.0
2021-05-11,2021,5,27.0,72.3,9.2,0.0,0.0
2021-05-12,2021,5,33.1,83.8,11.5,0.2,2.0
2021-05-13,2021,5,33.6,83.1,9.3,0.2,2.0
2021-05-14,2021,5,28.8,74.9,10.7,0.0,0.0
2021-05-15,2021,5,29.2,78.8,13.0,0.0,0.0
2021-05-16,2021,5,30.6,79.8,13.0,0.1,1.0
2021-05-17,2021,5,30.7,79.3,9.3,0.1,1.0
2021-05-18,2021,5,31.3,81.7,10.5,0.2,2.0
2021-05-19,2021,5,34.0,87.2,15.2,0.4,4.0
2021-05-20,2021,5,29.6,85.4,13.5,0.2,2.0
2021-05-21,2021,5,28.4,73.4,18.2,0.0,0.0
2021-05-22,2021,5,27.2,83.1,15.5,0.1,1.0
2021-05-23,2021,5,28.5,86.6,15.4,0.5,5.0
2021-05-24,2021,5,29.9,81.9,7.8,0.0,0.0
2021-05-25,2021,5,33.6,85.5,14.3,0.1,1.0
2021-05-26,2021,5,29.0,90.1,11.8,0.0,0.0
2021-05-27,2021,5,30.4,85.1,10.3,0.0,0.0
2021-05-28,2021,5,30.0,81.2,12.5,0.0,0.0
2021-05-29,2021,5,32.4,85.2,14.8,0.9,9.0
2021-05-30,2021,5,35.1,80.7,13.5,0.3,3.0
2021-05-31,2021,5,28.9,80.1,9.4,0.2,2.0
2021-06-01,2021,6,29.0,78.2,14.2,3.1,31.0
2021-06-02,2021,6,32.1,87.8,10.1,0.2,2.0
2021-06-03,2021,6,31.4,75.9,12.7,0.7,7.0
2021-06-04,2021,6,33.7,87.7,11.1,0.3,3.0
2021-06-05,2021,6,31.2,82.5,11.3,1.4,14.0
2021-06-06,2021,6,29.3,73.0,14.3,1.6,16.0
2021-06-07,2021,6,31.2,81.8,8.9,1.9,19.0
2021-06-08,2021,6,32.2,69.5,17.8,1.3,13.0
2021-06-09,2021,6,31.6,83.1,6.5,0.1,1.0
2021-06-10,2021,6,31.0,84.4,10.2,1.5,15.0
2021-06-11,2021,6,32.1,77.0,13.1,2.0,20.0
2021-06-12,2021,6,32.3,80.6,13.8,4.9,49.0
2021-06-13,2021,6,32.8,89.8,11.7,0.6,6.0
2021-06-14,2021,6,31.3,77.5,11.8,6.4,64.0
2021-06-15,2021,6,29.7,74.7,13.2,1.2,12.0
2021-06-16,2021,6,30.3,87.4,11.3,0.7,7.0
2021-06-17,2021,6,32.4,89.8,16.2,3.1,31.0
2021-06-18,2021,6,28.4,80.0,14.5,1.1,11.0
2021-06-19,2021,6,30.7,85.1,14.6,1.7,17.0
2021-06-20,2021,6,29.2,86.7,9.1,1.8,18.0
2021-06-21,2021,6,30.1,76.3,11.8,3.0,30.0
2021-06-22,2021,6,32.6,77.6,11.1,1.6,16.0
2021-06-23,2021,6,30.4,86.2,9.0,1.5,15.0
2021-06-24,2021,6,30.1,88.4,13.1,1.2,12.0
2021-06-25,2021,6,27.3,82.8,10.4,2.7,27.0
2021-06-26,2021,6,31.5,75.6,14.0,1.0,10.0
2021-06-27,2021,6,31.3,89.9,8.8,5.0,50.0
2021-06-28,2021,6,34.3,77.3,17.2,1.8,18.0
2021-06-29,2021,6,29.4,78.3,9.3,0.2,2.0
2021-06-30,2021,6,30.4,81.7,12.7,2.3,23.0
2021-07-01,2021,7,30.5,87.8,14.4,2.6,26.0
2021-07-02,2021,7,33.2,84.3,10.3,5.0,50.0
2021-07-03,2021,7,29.8,82.1,14.6,0.8,8.0
2021-07-04,2021,7,30.6,82.3,8.3,0.7,7.0
2021-07-05,2021,7,31.2,80.2,16.4,3.1,31.0
2021-07-06,2021,7,30.4,82.8,12.0,4.4,44.0
2021-07-07,2021,7,29.1,67.4,10.2,0.8,8.0
2021-07-08,2021,7,30.4,78.5,11.1,2.2,22.0
2021-07-09,2021,7,32.1,81.2,14.4,1.7,17.0
2021-07-10,2021,7,27.9,74.2,10.2,0.8,8.0
2021-07-11,2021,7,30.3,81.9,9.8,1.6,16.0
2021-07-12,2021,7,28.6,79.0,11.3,4.2,42.0
2021-07-13,2021,7,32.4,88.8,8.5,1.8,18.0
2021-07-14,2021,7,27.0,87.9,17.5,1.5,15.0
2021-07-15,2021,7,28.9,77.7,10.3,2.9,29.0
2021-07-16,2021,7,30.8,79.2,14.5,4.5,45.0
2021-07-17,2021,7,33.1,79.6,12.6,0.6,6.0
2021-07-18,2021,7,29.9,77.7,9.0,2.3,23.0
2021-07-19,2021,7,28.9,81.0,12.0,1.2,12.0
2021-07-20,2021,7,33.8,76.2,14.4,1.8,18.0
2021-07-21,2021,7,27.1,74.3,11.4,3.1,31.0
2021-07-22,2021,7,25.6,83.1,15.6,1.3,13.0
2021-07-23,2021,7,30.9,83.1,15.1,1.6,16.0
2021-07-24,2021,7,29.0,76.0,14.8,3.9,39.0
2021-07-25,2021,7,28.0,84.5,10.6,2.6,26.0
2021-07-26,2021,7,31.4,76.8,8.8,1.6,16.0
2021-07-27,2021,7,30.5,81.3,10.2,2.0,20.0
2021-07-28,2021,7,28.9,84.1,12.6,1.9,19.0
2021-07-29,2021,7,27.4,79.8,13.6,0.2,2.0
2021-07-30,2021,7,31.7,82.3,5.5,2.0,20.0
2021-07-31,2021,7,31.3,77.4,12.0,0.4,4.0
2021-08-01,2021,8,29.8,79.0,12.5,4.4,44.0
2021-08-02,2021,8,33.7,79.0,11.2,0.4,4.0
2021-08-03,2021,8,27.9,76.3,15.9,1.2,12.0
2021-08-04,2021,8,26.9,79.1,13.3,1.0,10.0
2021-08-05,2021,8,28.6,72.3,15.9,5.7,57.0
2021-08-06,2021,8,29.9,77.5,11.4,4.2,42.0
2021-08-07,2021,8,30.5,78.6,14.8,0.0,0.0
2021-08-08,2021,8,29.5,78.7,16.9,1.7,17.0
2021-08-09,2021,8,30.7,78.8,15.9,0.5,5.0
2021-08-10,2021,8,27.5,79.7,8.7,2.0,20.0
2021-08-11,2021,8,32.9,82.4,11.2,3.1,31.0
2021-08-12,2021,8,29.8,84.4,11.0,2.2,22.0
2021-08-13,2021,8,32.2,76.8,13.5,3.2,32.0
2021-08-14,2021,8,30.7,74.0,14.1,1.4,14.0
2021-08-15,2021,8,30.9,74.8,9.5,2.2,22.0
2021-08-16,2021,8,31.1,77.6,12.2,3.1,31.0
2021-08-17,2021,8,30.9,78.2,5.9,1.1,11.0
2021-08-18,2021,8,31.3,76.2,16.3,0.7,7.0
2021-08-19,2021,8,32.7,73.5,10.5,0.9,9.0
2021-08-20,2021,8,30.4,77.7,12.2,1.6,16.0
2021-08-21,2021,8,31.4,80.9,11.1,1.8,18.0
2021-08-22,2021,8,29.8,83.0,15.4,2.4,24.0
2021-08-23,2021,8,32.9,77.2,3.5,0.8,8.0
2021-08-24,2021,8,28.6,77.9,12.0,3.2,32.0
2021-08-25,2021,8,33.6,75.4,11.7,6.7,67.0
2021-08-26,2021,8,29.9,79.8,10.6,1.0,10.0
2021-08-27,2021,8,27.1,75.8,17.2,9.5,95.0
2021-08-28,2021,8,30.3,82.9,9.3,7.3,73.0
2021-08-29,2021,8,28.6,71.1,14.3,1.8,18.0
2021-08-30,2021,8,31.7,78.2,13.1,1.5,15.0
2021-08-31,2021,8,28.7,81.5,15.8,0.9,9.0
2021-09-01,2021,9,29.1,80.9,10.0,3.6,36.0
2021-09-02,2021,9,26.2,93.5,9.8,1.9,19.0
2021-09-03,2021,9,29.1,81.7,15.3,2.1,21.0
2021-09-04,2021,9,25.2,75.0,13.3,0.7,7.0
2021-09-05,2021,9,26.8,79.5,7.4,3.7,37.0
2021-09-06,2021,9,31.5,71.1,10.4,1.4,14.0
2021-09-07,2021,9,31.6,79.6,13.2,0.5,5.0
2021-09-08,2021,9,30.9,75.8,14.5,1.6,16.0
2021-09-09,2021,9,28.1,84.6,10.0,0.8,8.0
2021-09-10,2021,9,29.9,77.3,3.3,5.0,50.0
2021-09-11,2021,9,30.0,79.4,13.6,7.3,73.0
2021-09-12,2021,9,27.7,76.8,8.3,1.7,17.0
2021-09-13,2021,9,33.0,88.7,5.9,4.1,41.0
2021-09-14,2021,9,31.8,78.4,3.5,4.1,41.0
2021-09-15,2021,9,29.6,89.2,14.4,0.9,9.0
2021-09-16,2021,9,30.1,84.1,12.4,2.0,20.0
2021-09-17,2021,9,30.4,82.4,11.3,1.2,12.0
2021-09-18,2021,9,25.9,81.8,16.2,0.8,8.0
2021-09-19,2021,9,29.5,82.0,13.9,4.3,43.0
2021-09-20,2021,9,28.6,70.4,16.8,1.1,11.0
2021-09-21,2021,9,28.0,78.6,7.8,2.4,24.0
2021-09-22,2021,9,29.4,84.2,11.9,4.0,40.0
2021-09-23,2021,9,33.6,79.8,7.1,5.3,53.0
2021-09-24,2021,9,31.3,73.0,11.3,0.5,5.0
2021-09-25,2021,9,28.9,79.7,11.3,0.6,6.0
2021-09-26,2021,9,31.1,88.5,13.9,2.1,21.0
2021-09-27,2021,9,32.8,86.2,12.1,0.1,1.0
2021-09-28,2021,9,31.8,79.7,13.9,0.6,6.0
2021-09-29,2021,9,30.1,84.8,14.1,4.6,46.0
2021-09-30,2021,9,28.7,78.2,18.5,3.0,30.0
2021-10-01,2021,10,31.4,71.5,11.1,1.6,16.0
2021-10-02,2021,10,30.8,75.4,9.2,2.6,26.0
2021-10-03,2021,10,31.8,87.8,12.7,3.2,32.0
2021-10-04,2021,10,31.3,78.6,9.6,0.3,3.0
2021-10-05,2021,10,32.1,78.8,16.4,1.1,11.0
2021-10-06,2021,10,28.9,78.5,11.2,5.1,51.0
2021-10-07,2021,10,32.6,89.5,10.3,2.2,22.0
2021-10-08,2021,10,30.4,88.1,10.6,2.3,23.0
2021-10-09,2021,10,34.2,91.1,14.2,1.7,17.0
2021-10-10,2021,10,28.6,79.2,11.5,0.2,2.0
2021-10-11,2021,10,33.5,81.5,10.1,0.9,9.0
2021-10-12,2021,10,30.4,72.4,17.0,2.5,25.0
2021-10-13,2021,10,28.7,87.4,9.4,1.1,11.0
2021-10-14,2021,10,29.0,74.2,12.1,0.6,6.0
2021-10-15,2021,10,29.4,81.1,14.0,0.7,7.0
2021-10-16,2021,10,30.8,74.5,7.1,5.2,52.0
2021-10-17,2021,10,31.0,77.1,13.4,1.1,11.0
2021-10-18,2021,10,28.9,75.8,8.8,4.4,44.0
2021-10-19,2021,10,30.0,77.0,14.5,2.3,23.0
2021-10-20,2021,10,34.3,77.3,9.1,1.4,14.0
2021-10-21,2021,10,33.5,77.3,14.1,0.8,8.0
2021-10-22,2021,10,30.9,84.2,15.3,3.1,31.0
2021-10-23,2021,10,30.1,74.5,14.6,4.0,40.0
2021-10-24,2021,10,30.2,81.1,12.8,3.3,33.0
2021-10-25,2021,10,31.2,86.1,11.3,0.4,4.0
2021-10-26,2021,10,28.0,77.4,10.3,1.1,11.0
2021-10-27,2021,10,29.5,76.4,16.4,1.2,12.0
2021-10-28,2021,10,26.7,78.8,9.9,0.1,1.0
2021-10-29,2021,10,30.8,85.9,8.9,2.6,26.0
2021-10-30,2021,10,31.3,81.0,14.0,2.9,29.0
2021-10-31,2021,10,29.0,77.3,9.6,2.9,29.0
2021-11-01,2021,11,33.1,82.4,9.1,2.5,25.0
2021-11-02,2021,11,27.5,74.5,7.7,1.3,13.0
2021-11-03,2021,11,27.1,83.4,10.6,0.8,8.0
2021-11-04,2021,11,30.4,82.0,11.8,1.3,13.0
2021-11-05,2021,11,32.1,78.5,12.7,2.3,23.0
2021-11-06,2021,11,33.4,75.8,14.9,4.8,48.0
2021-11-07,2021,11,29.1,75.6,13.6,1.9,19.0
2021-11-08,2021,11,32.2,82.7,11.4,1.8,18.0
2021-11-09,2021,11,29.9,86.1,11.4,0.1,1.0
2021-11-10,2021,11,29.7,76.8,13.5,2.4,24.0
2021-11-11,2021,11,31.8,82.3,15.8,5.0,50.0
2021-11-12,2021,11,31.3,69.6,12.4,1.6,16.0
2021-11-13,2021,11,26.8,77.1,10.6,1.5,15.0
2021-11-14,2021,11,33.0,79.8,9.0,1.2,12.0
2021-11-15,2021,11,32.8,75.5,7.7,3.1,31.0
2021-11-16,2021,11,28.7,75.3,14.0,0.1,1.0
2021-11-17,2021,11,30.8,76.7,13.7,4.4,44.0
2021-11-18,2021,11,31.0,81.5,13.7,1.4,14.0
2021-11-19,2021,11,30.5,79.1,11.6,2.5,25.0
2021-11-20,2021,11,28.9,68.8,16.2,3.3,33.0
2021-11-21,2021,11,28.7,69.4,10.5,0.6,6.0
2021-11-22,2021,11,29.9,77.0,14.9,1.7,17.0
2021-11-23,2021,11,32.3,82.3,11.9,1.4,14.0
2021-11-24,2021,11,31.1,66.3,10.2,0.5,5.0
2021-11-25,2021,11,29.3,77.5,13.8,4.0,40.0
2021-11-26,2021,11,31.5,77.4,13.2,1.3,13.0
2021-11-27,2021,11,24.3,86.9,13.1,0.5,5.0
2021-11-28,2021,11,32.3,78.1,12.2,1.8,18.0
2021-11-29,2021,11,26.5,81.9,11.9,0.3,3.0
2021-11-30,2021,11,29.3,80.7,19.2,1.1,11.0
2021-12-01,2021,12,27.8,69.3,15.6,0.0,0.0
2021-12-02,2021,12,27.4,83.8,14.2,0.0,0.0
2021-12-03,2021,12,32.3,81.1,12.3,0.1,1.0
2021-12-04,2021,12,29.1,82.5,15.0,0.2,2.0
2021-12-05,2021,12,30.7,99.6,13.6,0.1,1.0
2021-12-06,2021,12,29.9,69.6,12.1,0.4,4.0
2021-12-07,2021,12,31.0,88.6,11.1,0.6,6.0
2021-12-08,2021,12,30.2,78.6,11.8,0.5,5.0
2021-12-09,2021,12,27.4,81.4,2.5,0.0,0.0
2021-12-10,2021,12,32.0,79.8,12.6,0.0,0.0
2021-12-11,2021,12,29.0,77.9,10.5,0.0,0.0
2021-12-12,2021,12,26.9,77.2,16.8,0.3,3.0
2021-12-13,2021,12,29.1,81.6,12.1,0.0,0.0
2021-12-14,2021,12,33.0,72.4,8.4,0.1,1.0
2021-12-15,2021,12,31.7,83.8,11.9,0.0,0.0
2021-12-16,2021,12,29.3,77.9,8.9,0.3,3.0
2021-12-17,2021,12,29.3,74.3,13.4,0.1,1.0
2021-12-18,2021,12,29.4,77.7,12.9,0.2,2.0
2021-12-19,2021,12,34.2,86.3,14.9,0.0,0.0
2021-12-20,2021,12,30.8,77.3,9.6,0.0,0.0
2021-12-21,2021,12,30.9,81.8,12.1,0.7,7.0
2021-12-22,2021,12,32.1,76.3,7.9,0.1,1.0
2021-12-23,2021,12,30.5,83.8,14.1,0.0,0.0
2021-12-24,2021,12,29.5,83.4,13.6,0.1,1.0
2021-12-25,2021,12,29.6,89.2,13.5,1.4,14.0
2021-12-26,2021,12,29.9,79.1,12.0,0.9,9.0
2021-12-27,2021,12,29.9,83.3,13.2,0.1,1.0
2021-12-28,2021,12,31.5,80.5,16.8,0.3,3.0
2021-12-29,2021,12,30.1,86.5,11.1,0.0,0.0
2021-12-30,2021,12,31.5,76.4,12.4,0.5,5.0
2021-12-31,2021,12,29.8,83.7,8.7,0.7,7.0
2022-01-01,2022,1,30.2,79.0,9.4,0.0,0.0
2022-01-02,2022,1,26.0,79.7,12.3,0.0,0.0
2022-01-03,2022,1,31.8,80.5,15.3,0.5,5.0
2022-01-04,2022,1,30.7,81.3,11.2,0.0,0.0
2022-01-05,2022,1,32.0,79.4,11.3,0.1,1.0
2022-01-06,2022,1,24.2,81.1,10.8,0.0,0.0
2022-01-07,2022,1,34.2,87.9,10.4,0.0,0.0
2022-01-08,2022,1,29.7,84.9,12.9,0.1,1.0
2022-01-09,2022,1,32.2,84.3,7.5,0.1,1.0
2022-01-10,2022,1,27.9,77.7,15.8,0.0,0.0
2022-01-11,2022,1,31.2,75.6,10.0,0.3,3.0
2022-01-12,2022,1,27.9,84.8,14.2,1.1,11.0
2022-01-13,2022,1,28.8,84.4,8.2,0.2,2.0
2022-01-14,2022,1,33.8,87.4,14.0,0.0,0.0
2022-01-15,2022,1,29.6,77.0,14.0,0.3,3.0
2022-01-16,2022,1,30.4,78.9,13.2,0.0,0.0
2022-01-17,2022,1,31.7,71.8,9.0,0.3,3.0
2022-01-18,2022,1,31.0,78.0,12.7,0.1,1.0
2022-01-19,2022,1,30.3,85.0,8.5,0.2,2.0
2022-01-20,2022,1,30.7,77.7,11.2,0.1,1.0
2022-01-21,2022,1,34.8,83.2,15.1,0.0,0.0
2022-01-22,2022,1,29.9,79.0,14.4,1.1,11.0
2022-01-23,2022,1,30.4,81.6,12.0,0.6,6.0
2022-01-24,2022,1,32.1,74.3,9.1,0.1,1.0
2022-01-25,2022,1,32.2,80.4,13.9,0.4,4.0
2022-01-26,2022,1,32.4,65.0,12.1,0.2,2.0
2022-01-27,2022,1,31.3,79.1,5.0,0.1,1.0
2022-01-28,2022,1,27.7,71.8,14.3,0.1,1.0
2022-01-29,2022,1,33.3,86.0,11.9,0.0,0.0
2022-01-30,2022,1,27.7,83.9,15.6,0.0,0.0
2022-01-31,2022,1,30.6,82.3,8.7,1.3,13.0
2022-02-01,2022,2,28.5,87.6,2.5,0.2,2.0
2022-02-02,2022,2,29.9,75.3,12.8,0.5,5.0
2022-02-03,2022,2,30.7,88.7,12.9,0.1,1.0
2022-02-04,2022,2,30.6,84.7,6.9,0.2,2.0
2022-02-05,2022,2,30.8,78.8,9.1,0.0,0.0
2022-02-06,2022,2,33.2,85.7,20.3,0.1,1.0
2022-02-07,2022,2,30.9,74.5,11.1,0.1,1.0
2022-02-08,2022,2,29.5,75.9,14.2,0.8,8.0
2022-02-09,2022,2,31.9,77.0,10.0,0.5,5.0
2022-02-10,2022,2,32.4,77.4,5.7,0.0,0.0
2022-02-11,2022,2,27.5,74.7,11.5,0.0,0.0
2022-02-12,2022,2,31.2,86.1,11.2,0.1,1.0
2022-02-13,2022,2,31.4,78.7,10.8,0.3,3.0
2022-02-14,2022,2,29.4,81.8,11.7,0.0,0.0
2022-02-15,2022,2,32.8,77.1,12.8,0.0,0.0
2022-02-16,2022,2,29.7,70.9,11.5,0.5,5.0
2022-02-17,2022,2,30.3,81.4,8.2,0.1,1.0
2022-02-18,2022,2,29.7,70.4,13.5,0.4,4.0
2022-02-19,2022,2,30.0,79.7,6.2,0.0,0.0
2022-02-20,2022,2,27.8,73.2,5.8,0.1,1.0
2022-02-21,2022,2,27.1,89.9,14.2,0.1,1.0
2022-02-22,2022,2,33.2,84.6,13.5,0.1,1.0
2022-02-23,2022,2,28.3,80.5,11.8,0.4,4.0
2022-02-24,2022,2,28.0,86.3,7.8,0.0,0.0
2022-02-25,2022,2,25.7,75.8,9.9,0.4,4.0
2022-02-26,2022,2,28.7,82.7,11.2,0.3,3.0
2022-02-27,2022,2,27.4,81.0,7.2,0.0,0.0
2022-02-28,2022,2,33.3,81.3,9.8,0.0,0.0
2022-03-01,2022,3,32.0,86.4,14.0,0.6,6.0
2022-03-02,2022,3,28.6,83.7,16.3,1.2,12.0
2022-03-03,2022,3,34.5,81.4,10.7,0.0,0.0
2022-03-04,2022,3,32.0,71.7,14.3,0.0,0.0
2022-03-05,2022,3,29.4,75.2,6.3,0.3,3.0
2022-03-06,2022,3,25.0,79.4,14.0,0.1,1.0
2022-03-07,2022,3,34.6,80.5,9.6,0.7,7.0
2022-03-08,2022,3,27.2,74.3,12.9,0.1,1.0
2022-03-09,2022,3,26.7,92.1,11.3,0.3,3.0
2022-03-10,2022,3,32.0,87.6,16.0,0.2,2.0
2022-03-11,2022,3,34.9,83.0,9.4,0.0,0.0
2022-03-12,2022,3,32.8,80.4,13.9,0.0,0.0
2022-03-13,2022,3,31.1,78.9,11.2,0.0,0.0
2022-03-14,2022,3,31.2,75.2,11.5,0.1,1.0
2022-03-15,2022,3,31.7,80.4,11.4,0.0,0.0
2022-03-16,2022,3,31.5,81.3,9.5,0.3,3.0
2022-03-17,2022,3,30.6,73.8,12.0,0.1,1.0
2022-03-18,2022,3,30.2,81.7,11.8,0.0,0.0
2022-03-19,2022,3,29.9,79.2,12.7,0.0,0.0
2022-03-20,2022,3,28.5,70.5,12.3,0.0,0.0
2022-03-21,2022,3,29.4,75.7,14.4,0.2,2.0
2022-03-22,2022,3,26.6,77.9,14.8,0.0,0.0
2022-03-23,2022,3,29.8,89.4,8.8,0.5,5.0
2022-03-24,2022,3,28.0,82.8,14.6,0.0,0.0
2022-03-25,2022,3,27.8,73.3,8.4,0.0,0.0
2022-03-26,2022,3,30.4,82.4,13.8,0.3,3.0
2022-03-27,2022,3,32.8,72.3,13.9,0.0,0.0
2022-03-28,2022,3,31.8,85.4,6.3,0.4,4.0
2022-03-29,2022,3,26.9,77.6,12.3,0.3,3.0
2022-03-30,2022,3,28.0,79.5,10.6,0.0,0.0
2022-03-31,2022,3,31.9,86.6,9.7,0.2,2.0
2022-04-01,2022,4,28.0,73.6,16.1,0.0,0.0
2022-04-02,2022,4,29.6,73.0,10.0,0.1,1.0
2022-04-03,2022,4,31.1,77.1,9.6,0.0,0.0
2022-04-04,2022,4,28.1,85.2,12.2,0.5,5.0
2022-04-05,2022,4,30.2,72.4,14.1,0.1,1.0
2022-04-06,2022,4,27.3,65.8,11.6,0.0,0.0
2022-04-07,2022,4,28.8,77.7,15.5,0.6,6.0
2022-04-08,2022,4,30.6,82.8,13.6,0.1,1.0
2022-04-09,2022,4,26.8,86.0,5.5,0.6,6.0
2022-04-10,2022,4,30.9,77.7,10.4,0.2,2.0
2022-04-11,2022,4,30.0,77.9,10.3,0.3,3.0
2022-04-12,2022,4,31.1,85.8,13.4,0.5,5.0
2022-04-13,2022,4,30.4,70.7,4.1,0.0,0.0
2022-04-14,2022,4,32.7,78.1,19.6,0.5,5.0
2022-04-15,2022,4,30.3,81.0,13.6,0.1,1.0
2022-04-16,2022,4,29.1,82.2,12.4,0.2,2.0
2022-04-17,2022,4,30.2,77.5,15.5,0.6,6.0
2022-04-18,2022,4,31.1,80.2,19.0,0.0,0.0
2022-04-19,2022,4,30.1,67.6,14.6,0.0,0.0
2022-04-20,2022,4,30.1,76.7,14.8,0.3,3.0
2022-04-21,2022,4,28.6,82.3,12.4,0.1,1.0
2022-04-22,2022,4,28.7,75.1,11.6,0.3,3.0
2022-04-23,2022,4,27.2,80.3,10.6,1.7,17.0
2022-04-24,2022,4,33.5,82.2,9.5,0.0,0.0
2022-04-25,2022,4,27.5,78.3,9.9,0.0,0.0
2022-04-26,2022,4,28.6,80.9,7.9,0.4,4.0
2022-04-27,2022,4,28.6,75.2,11.8,0.4,4.0
2022-04-28,2022,4,31.8,79.0,6.9,0.2,2.0
2022-04-29,2022,4,29.4,83.1,12.6,0.0,0.0
2022-04-30,2022,4,32.5,80.8,11.9,0.0,0.0
2022-05-01,2022,5,28.7,77.1,12.4,0.3,3.0
2022-05-02,2022,5,30.6,81.1,10.4,0.3,3.0
2022-05-03,2022,5,28.3,83.6,21.2,1.1,11.0
2022-05-04,2022,5,34.3,69.8,16.1,0.0,0.0
2022-05-05,2022,5,27.6,85.8,8.3,0.4,4.0
2022-05-06,2022,5,30.6,78.3,12.7,0.0,0.0
2022-05-07,2022,5,31.3,82.1,10.2,0.2,2.0
2022-05-08,2022,5,30.8,86.0,9.0,0.0,0.0
2022-05-09,2022,5,29.6,73.1,8.0,1.3,13.0
2022-05-10,2022,5,29.7,76.5,13.3,0.0,0.0
2022-05-11,2022,5,30.1,78.6,10.0,0.4,4.0
2022-05-12,2022,5,29.7,76.1,14.9,0.0,0.0
2022-05-13,2022,5,31.9,88.7,15.0,0.1,1.0
2022-05-14,2022,5,34.4,75.7,16.1,0.1,1.0
2022-05-15,2022,5,28.9,77.2,9.4,0.1,1.0
2022-05-16,2022,5,27.3,81.0,13.4,0.2,2.0
2022-05-17,2022,5,29.8,74.0,13.9,0.1,1.0
2022-05-18,2022,5,35.2,78.0,10.6,1.2,12.0
2022-05-19,2022,5,28.4,81.6,9.7,0.4,4.0
2022-05-20,2022,5,33.3,78.3,16.8,0.0,0.0
2022-05-21,2022,5,33.4,79.5,12.7,0.0,0.0
2022-05-22,2022,5,28.9,77.4,13.9,0.0,0.0
2022-05-23,2022,5,31.1,72.4,9.5,0.2,2.0
2022-05-24,2022,5,33.3,81.6,8.3,0.2,2.0
2022-05-25,2022,5,29.2,88.8,10.3,1.1,11.0
2022-05-26,2022,5,29.6,80.1,11.6,0.0,0.0
2022-05-27,2022,5,28.8,81.1,8.8,0.3,3.0
2022-05-28,2022,5,28.0,83.5,12.0,0.4,4.0
2022-05-29,2022,5,28.7,73.7,6.9,0.2,2.0
2022-05-30,2022,5,27.6,88.5,8.6,0.5,5.0
2022-05-31,2022,5,30.1,81.0,14.0,0.4,4.0
2022-06-01,2022,6,28.5,88.2,13.8,2.3,23.0
2022-06-02,2022,6,30.5,76.3,10.8,0.6,6.0
2022-06-03,2022,6,26.9,89.1,8.9,8.8,88.0
2022-06-04,2022,6,30.7,83.9,8.9,4.9,49.0
2022-06-05,2022,6,31.7,82.8,10.9,3.2,32.0
2022-06-06,2022,6,26.0,81.2,13.9,5.4,54.0
2022-06-07,2022,6,30.7,78.8,14.8,1.7,17.0
2022-06-08,2022,6,32.5,86.0,10.5,3.1,31.0
2022-06-09,2022,6,27.6,80.7,8.5,4.4,44.0
2022-06-10,2022,6,33.3,70.2,12.8,1.3,13.0
2022-06-11,2022,6,30.8,74.4,9.5,2.6,26.0
2022-06-12,2022,6,28.6,79.1,10.4,4.0,40.0
2022-06-13,2022,6,29.9,81.5,16.0,0.6,6.0
2022-06-14,2022,6,31.1,79.7,14.5,1.2,12.0
2022-06-15,2022,6,30.2,86.1,12.5,4.0,40.0
2022-06-16,2022,6,31.1,70.2,8.2,2.1,21.0
2022-06-17,2022,6,28.2,80.7,12.6,1.8,18.0
2022-06-18,2022,6,30.3,70.9,15.2,1.7,17.0
2022-06-19,2022,6,27.2,83.8,10.9,4.3,43.0
2022-06-20,2022,6,29.8,79.5,16.1,0.6,6.0
2022-06-21,2022,6,28.2,82.1,15.9,1.1,11.0
2022-06-22,2022,6,28.5,75.7,17.0,0.4,4.0
2022-06-23,2022,6,32.5,86.4,12.9,1.3,13.0
2022-06-24,2022,6,32.2,85.2,13.8,2.0,20.0
2022-06-25,2022,6,31.2,82.9,16.2,0.1,1.0
2022-06-26,2022,6,27.8,79.4,13.3,0.8,8.0
2022-06-27,2022,6,29.4,82.9,10.5,2.1,21.0
2022-06-28,2022,6,32.4,76.5,10.7,2.5,25.0
2022-06-29,2022,6,30.3,84.3,12.7,6.3,63.0
2022-06-30,2022,6,34.6,88.2,8.1,2.9,29.0
2022-07-01,2022,7,30.8,85.4,11.6,1.5,15.0
2022-07-02,2022,7,30.4,76.4,15.3,1.9,19.0
2022-07-03,2022,7,29.4,81.8,5.4,2.0,20.0
2022-07-04,2022,7,30.3,73.5,16.6,1.1,11.0
2022-07-05,2022,7,29.7,82.9,15.4,2.2,22.0
2022-07-06,2022,7,31.4,82.3,10.6,1.1,11.0
2022-07-07,2022,7,31.9,70.7,13.6,2.3,23.0
2022-07-08,2022,7,28.4,74.2,12.0,1.7,17.0
2022-07-09,2022,7,27.3,78.6,15.7,1.4,14.0
2022-07-10,2022,7,26.3,78.5,14.9,1.5,15.0
2022-07-11,2022,7,31.0,74.0,7.8,3.3,33.0
2022-07-12,2022,7,27.8,81.9,13.8,3.0,30.0
2022-07-13,2022,7,25.7,81.3,11.4,1.3,13.0
2022-07-14,2022,7,30.8,79.0,12.2,3.2,32.0
2022-07-15,2022,7,35.0,76.2,9.8,1.6,16.0
2022-07-16,2022,7,30.0,85.2,17.2,1.7,17.0
2022-07-17,2022,7,31.7,88.3,15.1,1.1,11.0
2022-07-18,2022,7,30.2,77.6,9.8,5.8,58.0
2022-07-19,2022,7,29.8,76.9,8.0,5.4,54.0
2022-07-20,2022,7,31.8,82.5,10.8,0.9,9.0
2022-07-21,2022,7,29.4,78.2,13.3,1.3,13.0
2022-07-22,2022,7,30.5,79.3,12.7,2.4,24.0
2022-07-23,2022,7,30.6,83.7,15.8,2.8,28.0
2022-07-24,2022,7,28.7,70.5,14.4,0.6,6.0
2022-07-25,2022,7,32.0,86.6,14.9,0.7,7.0
2022-07-26,2022,7,29.7,80.4,13.0,2.8,28.0
2022-07-27,2022,7,28.5,77.9,7.8,0.3,3.0
2022-07-28,2022,7,31.1,79.6,11.4,0.9,9.0
2022-07-29,2022,7,28.2,79.8,15.2,3.5,35.0
2022-07-30,2022,7,30.1,71.3,11.8,3.4,34.0
2022-07-31,2022,7,30.0,87.5,13.5,5.6,56.0
2022-08-01,2022,8,32.2,80.2,11.0,7.0,70.0
2022-08-02,2022,8,30.9,82.2,8.9,11.5,115.0
2022-08-03,2022,8,29.9,84.8,11.6,1.2,12.0
2022-08-04,2022,8,31.6,74.9,12.9,1.0,10.0
2022-08-05,2022,8,32.8,82.4,10.0,2.5,25.0
2022-08-06,2022,8,31.1,78.7,11.3,0.4,4.0
2022-08-07,2022,8,30.0,84.2,9.2,1.4,14.0
2022-08-08,2022,8,27.4,69.4,15.4,2.0,20.0
2022-08-09,2022,8,27.9,79.5,11.1,2.6,26.0
2022-08-10,2022,8,29.4,77.0,16.4,2.9,29.0
2022-08-11,2022,8,28.8,82.2,16.6,1.4,14.0
2022-08-12,2022,8,29.6,82.4,11.8,0.4,4.0
2022-08-13,2022,8,30.1,76.5,9.0,0.6,6.0
2022-08-14,2022,8,31.1,76.4,5.7,0.1,1.0
2022-08-15,2022,8,29.9,79.4,7.6,1.0,10.0
2022-08-16,2022,8,31.0,75.5,7.9,0.4,4.0
2022-08-17,2022,8,30.1,84.2,16.1,1.1,11.0
2022-08-18,2022,8,26.0,78.2,12.3,2.5,25.0
2022-08-19,2022,8,28.1,65.5,13.2,0.5,5.0
2022-08-20,2022,8,29.7,78.1,5.3,1.9,19.0
2022-08-21,2022,8,27.6,74.8,8.4,1.3,13.0
2022-08-22,2022,8,31.2,71.8,14.7,2.4,24.0
2022-08-23,2022,8,33.1,73.8,12.9,2.8,28.0
2022-08-24,2022,8,32.4,80.5,11.6,1.3,13.0
2022-08-25,2022,8,29.6,86.6,13.7,1.8,18.0
2022-08-26,2022,8,33.0,81.6,16.9,1.3,13.0
2022-08-27,2022,8,30.3,77.0,11.3,1.1,11.0
2022-08-28,2022,8,29.3,82.3,12.2,0.9,9.0
2022-08-29,2022,8,28.8,77.7,12.6,2.6,26.0
2022-08-30,2022,8,29.4,76.5,19.2,4.8,48.0
2022-08-31,2022,8,29.2,74.2,5.7,4.4,44.0
2022-09-01,2022,9,30.3,71.2,14.0,0.4,4.0
2022-09-02,2022,9,30.3,78.1,11.7,4.8,48.0
2022-09-03,2022,9,30.0,80.8,13.7,0.7,7.0
2022-09-04,2022,9,30.9,79.5,10.0,2.0,20.0
2022-09-05,2022,9,32.4,77.9,11.9,2.3,23.0
2022-09-06,2022,9,31.9,75.3,14.1,0.3,3.0
2022-09-07,2022,9,27.0,83.0,21.3,1.5,15.0
2022-09-08,2022,9,24.9,73.4,14.4,5.0,50.0
2022-09-09,2022,9,31.9,83.9,9.5,0.1,1.0
2022-09-10,2022,9,27.3,75.0,10.7,9.3,93.0
2022-09-11,2022,9,29.6,76.2,10.6,0.1,1.0
2022-09-12,2022,9,27.7,72.7,6.6,2.3,23.0
2022-09-13,2022,9,26.4,77.5,11.0,0.3,3.0
2022-09-14,2022,9,31.1,84.9,14.2,2.6,26.0
2022-09-15,2022,9,31.5,82.6,8.2,4.3,43.0
2022-09-16,2022,9,28.8,84.9,15.1,3.4,34.0
2022-09-17,2022,9,24.8,82.6,13.5,3.9,39.0
2022-09-18,2022,9,28.9,74.5,9.8,1.3,13.0
2022-09-19,2022,9,30.8,78.3,11.6,5.0,50.0
2022-09-20,2022,9,27.0,76.1,16.8,7.8,78.0
2022-09-21,2022,9,30.4,86.7,14.2,1.9,19.0
2022-09-22,2022,9,30.0,74.0,12.0,1.2,12.0
2022-09-23,2022,9,31.2,84.5,11.3,0.8,8.0
2022-09-24,2022,9,30.2,84.5,12.2,3.2,32.0
2022-09-25,2022,9,28.1,89.1,10.5,4.0,40.0
2022-09-26,2022,9,32.4,78.0,5.7,1.2,12.0
2022-09-27,2022,9,29.7,83.6,18.1,5.8,58.0
2022-09-28,2022,9,29.9,91.4,12.5,3.0,30.0
2022-09-29,2022,9,28.1,76.9,13.2,1.9,19.0
2022-09-30,2022,9,29.1,72.3,11.8,2.3,23.0
2022-10-01,2022,10,28.2,70.6,9.8,0.6,6.0
2022-10-02,2022,10,29.7,83.6,11.4,3.2,32.0
2022-10-03,2022,10,33.4,70.6,7.2,0.6,6.0
2022-10-04,2022,10,27.3,78.1,18.8,1.1,11.0
2022-10-05,2022,10,26.8,82.2,8.3,1.6,16.0
2022-10-06,2022,10,32.9,80.9,8.9,6.9,69.0
2022-10-07,2022,10,29.6,82.1,10.7,2.2,22.0
2022-10-08,2022,10,28.7,81.1,15.9,0.7,7.0
2022-10-09,2022,10,32.1,86.4,12.0,2.3,23.0
2022-10-10,2022,10,28.8,75.2,8.3,2.9,29.0
2022-10-11,2022,10,33.7,76.6,15.8,4.5,45.0
2022-10-12,2022,10,31.4,76.1,14.2,1.7,17.0
2022-10-13,2022,10,29.0,84.2,13.6,0.8,8.0
2022-10-14,2022,10,34.3,84.5,14.1,8.3,83.0
2022-10-15,2022,10,28.8,82.3,19.2,2.3,23.0
2022-10-16,2022,10,31.5,85.9,18.6,0.7,7.0
2022-10-17,2022,10,30.6,74.1,9.9,1.7,17.0
2022-10-18,2022,10,32.6,88.3,16.9,1.1,11.0
2022-10-19,2022,10,33.1,87.6,13.1,4.7,47.0
2022-10-20,2022,10,30.1,83.7,13.5,2.8,28.0
2022-10-21,2022,10,28.5,88.9,6.9,1.3,13.0
2022-10-22,2022,10,30.9,71.7,11.5,4.0,40.0
2022-10-23,2022,10,28.6,77.4,9.6,1.6,16.0
2022-10-24,2022,10,34.0,76.3,14.5,1.7,17.0
2022-10-25,2022,10,30.3,83.6,15.2,0.8,8.0
2022-10-26,2022,10,29.3,74.7,5.8,0.8,8.0
2022-10-27,2022,10,30.4,83.8,11.9,7.9,79.0
2022-10-28,2022,10,27.3,86.9,15.4,3.9,39.0
2022-10-29,2022,10,28.1,83.5,11.4,0.1,1.0
2022-10-30,2022,10,32.4,81.4,14.2,0.6,6.0
2022-10-31,2022,10,28.7,75.1,13.1,0.5,5.0
2022-11-01,2022,11,27.9,75.8,13.0,1.8,18.0
2022-11-02,2022,11,31.1,86.2,11.2,1.2,12.0
2022-11-03,2022,11,32.4,83.9,8.4,5.5,55.0
2022-11-04,2022,11,31.4,79.8,8.6,1.3,13.0
2022-11-05,2022,11,32.0,77.9,14.1,7.3,73.0
2022-11-06,2022,11,28.5,69.9,12.1,1.6,16.0
2022-11-07,2022,11,27.2,74.6,11.6,8.5,85.0
2022-11-08,2022,11,33.0,89.6,10.7,1.4,14.0
2022-11-09,2022,11,29.4,73.6,11.1,1.5,15.0
2022-11-10,2022,11,29.5,80.9,15.1,3.8,38.0
2022-11-11,2022,11,32.7,85.0,11.0,3.4,34.0
2022-11-12,2022,11,31.1,73.7,8.0,0.4,4.0
2022-11-13,2022,11,30.9,80.9,14.2,1.9,19.0
2022-11-14,2022,11,34.3,84.7,11.4,1.1,11.0
2022-11-15,2022,11,28.7,80.1,12.1,1.1,11.0
2022-11-16,2022,11,31.9,94.3,16.8,1.9,19.0
2022-11-17,2022,11,30.1,71.7,11.9,1.3,13.0
2022-11-18,2022,11,30.5,85.3,12.9,2.1,21.0
2022-11-19,2022,11,33.1,79.1,8.5,0.6,6.0
2022-11-20,2022,11,31.0,83.9,11.3,0.3,3.0
2022-11-21,2022,11,31.1,82.2,13.8,3.9,39.0
2022-11-22,2022,11,32.1,76.3,7.3,4.4,44.0
2022-11-23,2022,11,29.3,81.1,12.6,3.7,37.0
2022-11-24,2022,11,28.3,70.7,12.3,1.8,18.0
2022-11-25,2022,11,27.9,83.0,12.1,1.2,12.0
2022-11-26,2022,11,26.1,81.5,15.1,0.9,9.0
2022-11-27,2022,11,34.1,83.2,13.0,0.8,8.0
2022-11-28,2022,11,27.8,85.3,16.4,1.6,16.0
2022-11-29,2022,11,29.6,81.8,9.0,4.3,43.0
2022-11-30,2022,11,29.4,80.7,12.4,0.8,8.0
2022-12-01,2022,12,30.6,75.6,12.3,0.0,0.0
2022-12-02,2022,12,31.6,76.4,8.8,0.0,0.0
2022-12-03,2022,12,31.7,85.9,14.9,0.1,1.0
2022-12-04,2022,12,28.8,87.2,19.0,0.4,4.0
2022-12-05,2022,12,29.7,78.8,11.9,0.0,0.0
2022-12-06,2022,12,30.6,80.2,13.5,0.1,1.0
2022-12-07,2022,12,29.5,75.5,12.3,0.0,0.0
2022-12-08,2022,12,33.2,85.9,9.9,0.1,1.0
2022-12-09,2022,12,31.0,83.3,6.5,0.0,0.0
2022-12-10,2022,12,31.5,89.7,9.9,0.3,3.0
2022-12-11,2022,12,31.3,75.6,7.8,1.2,12.0
2022-12-12,2022,12,32.3,78.1,17.1,0.0,0.0
2022-12-13,2022,12,30.4,81.2,11.7,0.1,1.0
2022-12-14,2022,12,27.4,83.2,11.0,0.1,1.0
2022-12-15,2022,12,30.8,78.9,14.7,0.1,1.0
2022-12-16,2022,12,28.7,75.6,8.6,0.0,0.0
2022-12-17,2022,12,28.9,84.4,9.7,0.1,1.0
2022-12-18,2022,12,31.2,83.6,12.2,0.5,5.0
2022-12-19,2022,12,32.5,75.4,15.1,0.1,1.0
2022-12-20,2022,12,30.0,86.8,13.5,0.1,1.0
2022-12-21,2022,12,30.6,85.9,12.7,0.5,5.0
2022-12-22,2022,12,33.4,80.7,12.2,0.0,0.0
2022-12-23,2022,12,30.5,80.4,13.2,0.0,0.0
2022-12-24,2022,12,35.2,82.8,12.6,0.0,0.0
2022-12-25,2022,12,31.1,75.7,8.9,0.0,0.0
2022-12-26,2022,12,26.5,80.2,12.1,0.3,3.0
2022-12-27,2022,12,31.5,69.2,8.8,2.1,21.0
2022-12-28,2022,12,30.8,84.4,12.2,0.6,6.0
2022-12-29,2022,12,32.6,72.2,10.6,0.5,5.0
2022-12-30,2022,12,31.3,87.5,19.6,0.3,3.0
2022-12-31,2022,12,29.7,78.3,11.9,0.0,0.0
2023-01-01,2023,1,27.6,78.9,7.8,0.0,0.0
2023-01-02,2023,1,29.6,76.9,11.6,0.0,0.0
2023-01-03,2023,1,28.3,78.6,13.6,0.0,0.0
2023-01-04,2023,1,28.8,87.1,17.0,0.1,1.0
2023-01-05,2023,1,31.2,67.6,10.2,0.0,0.0
2023-01-06,2023,1,33.3,86.4,7.3,0.0,0.0
2023-01-07,2023,1,30.8,81.7,14.5,0.0,0.0
2023-01-08,2023,1,27.6,74.0,7.9,0.0,0.0
2023-01-09,2023,1,30.9,74.6,10.7,0.0,0.0
2023-01-10,2023,1,32.4,88.4,11.2,0.0,0.0
2023-01-11,2023,1,28.8,75.3,11.8,0.7,7.0
2023-01-12,2023,1,29.7,74.2,14.1,0.3,3.0
2023-01-13,2023,1,30.0,85.7,9.9,0.4,4.0
2023-01-14,2023,1,28.4,81.7,11.2,0.1,1.0
2023-01-15,2023,1,31.3,75.3,12.0,0.6,6.0
2023-01-16,2023,1,29.8,81.1,12.4,0.3,3.0
2023-01-17,2023,1,30.8,74.9,12.3,0.1,1.0
2023-01-18,2023,1,28.2,85.5,13.3,1.1,11.0
2023-01-19,2023,1,29.1,85.3,14.5,0.1,1.0
2023-01-20,2023,1,31.4,82.7,13.2,0.3,3.0
2023-01-21,2023,1,29.3,81.8,13.4,0.5,5.0
2023-01-22,2023,1,33.5,88.8,7.3,0.0,0.0
2023-01-23,2023,1,29.2,80.0,12.2,0.2,2.0
2023-01-24,2023,1,30.4,74.1,13.4,0.8,8.0
2023-01-25,2023,1,31.9,82.2,14.2,0.1,1.0
2023-01-26,2023,1,27.2,90.4,9.9,0.1,1.0
2023-01-27,2023,1,26.5,74.9,10.0,0.2,2.0
2023-01-28,2023,1,26.9,78.2,10.3,0.9,9.0
2023-01-29,2023,1,32.5,82.1,13.6,0.1,1.0
2023-01-30,2023,1,28.9,79.7,15.1,0.1,1.0
2023-01-31,2023,1,35.1,75.1,10.8,0.4,4.0
2023-02-01,2023,2,28.9,85.6,14.7,0.3,3.0
2023-02-02,2023,2,30.4,91.6,12.4,0.7,7.0
2023-02-03,2023,2,33.1,81.0,11.6,0.0,0.0
2023-02-04,2023,2,34.0,75.5,11.4,2.0,20.0
2023-02-05,2023,2,34.1,72.3,14.2,0.8,8.0
2023-02-06,2023,2,32.4,81.3,13.0,0.1,1.0
2023-02-07,2023,2,32.0,85.5,18.8,0.4,4.0
2023-02-08,2023,2,31.2,82.4,9.4,0.2,2.0
2023-02-09,2023,2,31.6,80.0,13.6,0.0,0.0
2023-02-10,2023,2,28.9,77.1,10.4,0.0,0.0
2023-02-11,2023,2,28.4,74.5,9.4,0.0,0.0
2023-02-12,2023,2,30.0,84.2,12.0,0.2,2.0
2023-02-13,2023,2,29.7,84.6,12.4,0.0,0.0
2023-02-14,2023,2,29.1,72.3,20.8,0.4,4.0
2023-02-15,2023,2,31.4,87.9,11.4,0.0,0.0
2023-02-16,2023,2,31.9,82.9,8.6,0.5,5.0
2023-02-17,2023,2,30.2,87.0,12.8,0.0,0.0
2023-02-18,2023,2,33.0,73.3,5.8,0.2,2.0
2023-02-19,2023,2,27.7,73.2,11.7,0.1,1.0
2023-02-20,2023,2,29.6,79.3,12.0,0.1,1.0
2023-02-21,2023,2,28.6,82.5,14.4,0.6,6.0
2023-02-22,2023,2,26.3,89.0,14.9,0.6,6.0
2023-02-23,2023,2,29.8,83.5,10.5,0.6,6.0
2023-02-24,2023,2,29.8,78.8,11.5,0.0,0.0
2023-02-25,2023,2,33.0,74.9,9.7,0.1,1.0
2023-02-26,2023,2,31.3,86.2,8.6,0.1,1.0
2023-02-27,2023,2,28.0,75.2,12.9,0.1,1.0
2023-02-28,2023,2,33.7,88.1,8.2,0.1,1.0
2023-03-01,2023,3,32.4,78.6,10.8,0.4,4.0
2023-03-02,2023,3,31.2,88.0,9.0,0.3,3.0
2023-03-03,2023,3,29.5,83.4,13.6,0.3,3.0
2023-03-04,2023,3,28.1,79.3,17.4,1.4,14.0
2023-03-05,2023,3,29.3,77.4,8.1,0.9,9.0
2023-03-06,2023,3,32.2,78.3,6.4,0.1,1.0
2023-03-07,2023,3,33.8,82.1,11.6,0.1,1.0
2023-03-08,2023,3,33.1,80.4,12.0,0.1,1.0
2023-03-09,2023,3,29.0,77.0,12.7,0.9,9.0
2023-03-10,2023,3,27.8,79.2,10.7,0.1,1.0
2023-03-11,2023,3,30.3,80.4,11.4,0.1,1.0
2023-03-12,2023,3,26.5,69.4,13.1,0.1,1.0
2023-03-13,2023,3,30.6,82.3,15.1,0.6,6.0
2023-03-14,2023,3,29.7,75.1,6.1,0.0,0.0
2023-03-15,2023,3,29.1,74.2,10.9,0.1,1.0
2023-03-16,2023,3,26.8,71.6,12.6,0.0,0.0
2023-03-17,2023,3,31.0,71.0,9.2,0.1,1.0
2023-03-18,2023,3,28.9,73.2,17.2,0.3,3.0
2023-03-19,2023,3,27.7,76.5,10.1,0.6,6.0
2023-03-20,2023,3,24.3,89.8,11.9,1.2,12.0
2023-03-21,2023,3,29.9,77.4,13.7,0.1,1.0
2023-03-22,2023,3,33.5,80.9,10.2,0.0,0.0
2023-03-23,2023,3,33.3,82.0,6.5,0.0,0.0
2023-03-24,2023,3,29.1,80.7,10.7,0.0,0.0
2023-03-25,2023,3,28.8,79.6,15.1,0.2,2.0
2023-03-26,2023,3,30.9,74.0,11.0,0.0,0.0
2023-03-27,2023,3,28.0,87.3,9.5,0.0,0.0
2023-03-28,2023,3,30.6,89.0,14.8,0.1,1.0
2023-03-29,2023,3,31.5,71.6,11.0,0.1,1.0
2023-03-30,2023,3,32.5,74.9,10.5,0.1,1.0
2023-03-31,2023,3,29.8,78.6,12.4,0.0,0.0
2023-04-01,2023,4,29.6,75.2,14.3,0.2,2.0
2023-04-02,2023,4,28.2,82.5,19.1,0.1,1.0
2023-04-03,2023,4,28.3,76.4,14.5,0.1,1.0
2023-04-04,2023,4,29.5,90.8,15.5,0.1,1.0
2023-04-05,2023,4,30.7,86.0,10.5,0.3,3.0
2023-04-06,2023,4,31.8,81.1,8.9,0.3,3.0
2023-04-07,2023,4,28.4,85.1,12.2,0.1,1.0
2023-04-08,2023,4,33.0,85.5,12.3,0.4,4.0
2023-04-09,2023,4,29.5,77.2,8.8,0.0,0.0
2023-04-10,2023,4,30.0,75.9,11.5,0.0,0.0
2023-04-11,2023,4,28.5,80.4,13.2,0.4,4.0
2023-04-12,2023,4,25.2,84.3,13.1,0.0,0.0
2023-04-13,2023,4,31.8,80.7,13.5,0.1,1.0
2023-04-14,2023,4,31.5,72.1,12.9,0.0,0.0
2023-04-15,2023,4,29.4,76.0,10.5,0.2,2.0
2023-04-16,2023,4,30.1,79.6,10.5,0.4,4.0
2023-04-17,2023,4,31.0,79.6,8.4,0.1,1.0
2023-04-18,2023,4,26.9,89.9,17.4,0.7,7.0
2023-04-19,2023,4,28.9,73.1,12.0,0.0,0.0
2023-04-20,2023,4,31.6,82.5,11.3,0.1,1.0
2023-04-21,2023,4,27.5,87.4,9.2,0.2,2.0
2023-04-22,2023,4,30.6,91.4,20.8,0.6,6.0
2023-04-23,2023,4,27.3,78.0,8.8,0.3,3.0
2023-04-24,2023,4,30.9,82.5,10.7,0.1,1.0
2023-04-25,2023,4,29.9,82.8,13.2,0.2,2.0
2023-04-26,2023,4,26.8,81.0,13.8,0.6,6.0
2023-04-27,2023,4,32.3,79.5,14.9,0.1,1.0
2023-04-28,2023,4,28.5,82.2,17.4,0.9,9.0
2023-04-29,2023,4,28.4,67.3,13.5,0.9,9.0
2023-04-30,2023,4,30.4,83.4,8.8,0.5,5.0
2023-05-01,2023,5,32.3,80.6,11.2,0.2,2.0
2023-05-02,2023,5,28.0,78.9,12.9,0.8,8.0
2023-05-03,2023,5,30.1,90.2,18.2,0.0,0.0
2023-05-04,2023,5,30.9,76.6,7.8,0.2,2.0
2023-05-05,2023,5,31.4,78.0,15.6,0.0,0.0
2023-05-06,2023,5,30.4,90.0,12.5,0.3,3.0
2023-05-07,2023,5,29.3,75.8,14.5,0.0,0.0
2023-05-08,2023,5,28.3,77.2,11.7,0.9,9.0
2023-05-09,2023,5,30.2,79.3,9.5,0.0,0.0
2023-05-10,2023,5,27.9,84.2,14.3,0.7,7.0
2023-05-11,2023,5,24.2,81.0,14.0,0.7,7.0
2023-05-12,2023,5,30.9,73.5,14.9,0.4,4.0
2023-05-13,2023,5,31.8,77.3,12.0,0.1,1.0
2023-05-14,2023,5,25.3,77.0,10.2,0.1,1.0
2023-05-15,2023,5,28.0,79.6,7.3,0.7,7.0
2023-05-16,2023,5,31.2,82.1,14.5,0.0,0.0
2023-05-17,2023,5,34.1,82.1,13.3,0.0,0.0
2023-05-18,2023,5,30.0,71.1,9.1,0.9,9.0
2023-05-19,2023,5,28.5,85.3,10.4,0.2,2.0
2023-05-20,2023,5,29.6,81.3,10.6,0.1,1.0
2023-05-21,2023,5,32.7,86.9,7.6,0.1,1.0
2023-05-22,2023,5,28.7,82.2,9.5,0.3,3.0
2023-05-23,2023,5,28.4,85.5,8.6,0.1,1.0
2023-05-24,2023,5,29.0,82.3,10.8,1.5,15.0
2023-05-25,2023,5,28.1,86.7,9.8,0.4,4.0
2023-05-26,2023,5,30.2,82.6,7.1,0.0,0.0
2023-05-27,2023,5,33.2,79.5,18.1,0.8,8.0
2023-05-28,2023,5,30.6,91.4,15.8,0.0,0.0
2023-05-29,2023,5,29.5,84.4,9.7,0.6,6.0
2023-05-30,2023,5,29.4,82.9,12.8,0.3,3.0
2023-05-31,2023,5,26.9,73.6,13.3,0.5,5.0
2023-06-01,2023,6,31.8,73.6,15.6,4.3,43.0
2023-06-02,2023,6,29.8,81.5,9.5,3.0,30.0
2023-06-03,2023,6,29.6,80.7,15.3,1.5,15.0
2023-06-04,2023,6,36.4,76.9,10.4,7.6,76.0
2023-06-05,2023,6,30.6,80.7,8.0,0.2,2.0
2023-06-06,2023,6,28.5,87.9,14.2,1.5,15.0
2023-06-07,2023,6,29.1,83.5,15.9,3.9,39.0
2023-06-08,2023,6,32.3,74.3,19.8,1.0,10.0
2023-06-09,2023,6,30.2,79.4,8.4,2.3,23.0
2023-06-10,2023,6,27.1,76.0,14.1,1.0,10.0
2023-06-11,2023,6,31.8,78.1,10.8,1.0,10.0
2023-06-12,2023,6,28.7,77.9,14.4,2.3,23.0
2023-06-13,2023,6,33.7,77.6,7.6,3.8,38.0
2023-06-14,2023,6,32.2,73.7,8.2,2.9,29.0
2023-06-15,2023,6,29.1,79.4,9.7,1.7,17.0
2023-06-16,2023,6,32.6,77.2,12.2,0.2,2.0
2023-06-17,2023,6,30.1,65.4,10.1,1.0,10.0
2023-06-18,2023,6,31.7,90.3,14.0,0.9,9.0
2023-06-19,2023,6,31.0,85.4,15.1,3.2,32.0
2023-06-20,2023,6,28.3,78.1,13.8,2.0,20.0
2023-06-21,2023,6,28.7,80.1,16.9,2.1,21.0
2023-06-22,2023,6,32.1,74.1,13.2,0.8,8.0
2023-06-23,2023,6,29.3,88.5,8.3,5.1,51.0
2023-06-24,2023,6,29.2,89.5,16.1,2.1,21.0
2023-06-25,2023,6,28.1,80.8,10.2,0.7,7.0
2023-06-26,2023,6,30.8,85.1,14.7,0.8,8.0
2023-06-27,2023,6,34.1,80.9,16.7,2.3,23.0
2023-06-28,2023,6,27.9,73.3,13.4,0.7,7.0
2023-06-29,2023,6,30.0,77.9,7.5,0.9,9.0
2023-06-30,2023,6,32.8,80.7,9.2,0.5,5.0
2023-07-01,2023,7,29.8,77.7,16.0,3.2,32.0
2023-07-02,2023,7,30.9,78.9,11.5,0.7,7.0
2023-07-03,2023,7,27.9,79.5,12.2,5.8,58.0
2023-07-04,2023,7,30.9,79.6,14.3,2.6,26.0
2023-07-05,2023,7,29.6,80.3,14.1,0.5,5.0
2023-07-06,2023,7,32.0,74.7,12.8,2.9,29.0
2023-07-07,2023,7,32.4,76.4,11.4,5.1,51.0
2023-07-08,2023,7,35.2,73.6,11.1,1.6,16.0
2023-07-09,2023,7,31.2,84.9,14.6,5.6,56.0
2023-07-10,2023,7,30.7,69.5,13.7,2.6,26.0
2023-07-11,2023,7,30.4,85.8,11.2,1.0,10.0
2023-07-12,2023,7,29.3,86.9,15.2,8.3,83.0
2023-07-13,2023,7,30.7,78.5,11.6,0.3,3.0
2023-07-14,2023,7,29.4,67.0,9.4,1.3,13.0
2023-07-15,2023,7,30.3,78.2,9.7,1.7,17.0
2023-07-16,2023,7,32.6,79.7,9.1,7.3,73.0
2023-07-17,2023,7,28.0,74.9,11.2,3.3,33.0
2023-07-18,2023,7,32.3,77.4,15.7,2.8,28.0
2023-07-19,2023,7,32.6,87.7,9.6,0.8,8.0
2023-07-20,2023,7,29.8,83.3,12.6,1.6,16.0
2023-07-21,2023,7,25.8,75.4,10.0,1.0,10.0
2023-07-22,2023,7,28.8,72.0,11.2,2.8,28.0
2023-07-23,2023,7,32.6,78.4,7.5,4.5,45.0
2023-07-24,2023,7,30.0,78.9,11.3,9.8,98.0
2023-07-25,2023,7,28.0,82.5,11.4,1.1,11.0
2023-07-26,2023,7,29.0,77.3,13.6,0.3,3.0
2023-07-27,2023,7,31.7,82.6,12.7,1.3,13.0
2023-07-28,2023,7,31.1,89.7,8.4,4.1,41.0
2023-07-29,2023,7,29.5,84.1,15.3,0.7,7.0
2023-07-30,2023,7,29.3,79.8,12.6,1.8,18.0
2023-07-31,2023,7,29.2,79.1,12.6,2.9,29.0
2023-08-01,2023,8,28.2,78.2,12.0,1.1,11.0
2023-08-02,2023,8,33.2,85.9,10.4,2.2,22.0
2023-08-03,2023,8,29.4,76.9,12.7,0.6,6.0
2023-08-04,2023,8,32.4,80.2,13.4,4.8,48.0
2023-08-05,2023,8,33.0,80.3,6.8,1.4,14.0
2023-08-06,2023,8,32.0,77.5,10.4,2.1,21.0
2023-08-07,2023,8,29.1,73.1,11.2,0.2,2.0
2023-08-08,2023,8,30.8,81.6,12.8,0.5,5.0
2023-08-09,2023,8,30.0,79.7,15.6,4.0,40.0
2023-08-10,2023,8,28.2,82.5,9.7,1.1,11.0
2023-08-11,2023,8,30.6,77.3,10.5,0.7,7.0
2023-08-12,2023,8,27.6,86.1,10.5,0.3,3.0
2023-08-13,2023,8,32.4,75.6,9.6,4.7,47.0
2023-08-14,2023,8,29.1,88.6,11.0,3.2,32.0
2023-08-15,2023,8,30.4,71.3,14.3,3.0,30.0
2023-08-16,2023,8,30.6,82.2,8.8,6.2,62.0
2023-08-17,2023,8,29.5,82.4,13.3,1.3,13.0
2023-08-18,2023,8,31.2,76.0,6.9,0.3,3.0
2023-08-19,2023,8,29.1,82.1,10.3,1.9,19.0
2023-08-20,2023,8,31.7,86.4,11.0,7.1,71.0
2023-08-21,2023,8,27.3,68.9,17.0,1.9,19.0
2023-08-22,2023,8,30.3,82.5,11.2,4.4,44.0
2023-08-23,2023,8,33.9,67.5,5.4,0.4,4.0
2023-08-24,2023,8,28.0,75.2,6.0,0.8,8.0
2023-08-25,2023,8,28.6,88.1,12.1,3.8,38.0
2023-08-26,2023,8,31.0,77.1,13.8,2.1,21.0
2023-08-27,2023,8,30.4,74.1,13.1,1.6,16.0
2023-08-28,2023,8,30.7,79.0,12.5,4.4,44.0
2023-08-29,2023,8,31.0,90.3,15.5,3.7,37.0
2023-08-30,2023,8,31.3,70.8,10.4,2.1,21.0
2023-08-31,2023,8,32.2,74.7,14.7,1.8,18.0
2023-09-01,2023,9,30.8,87.5,7.1,2.6,26.0
2023-09-02,2023,9,29.5,89.3,9.3,0.2,2.0
2023-09-03,2023,9,31.3,79.5,6.6,2.5,25.0
2023-09-04,2023,9,33.8,73.8,11.2,4.5,45.0
2023-09-05,2023,9,29.7,90.5,11.9,1.8,18.0
2023-09-06,2023,9,28.1,88.0,12.3,0.6,6.0
2023-09-07,2023,9,32.2,83.4,12.2,0.0,0.0
2023-09-08,2023,9,29.8,75.9,9.2,2.5,25.0
2023-09-09,2023,9,25.7,79.8,11.4,0.2,2.0
2023-09-10,2023,9,31.7,79.2,7.5,3.0,30.0
2023-09-11,2023,9,28.9,81.7,16.1,6.8,68.0
2023-09-12,2023,9,29.8,87.3,11.1,0.8,8.0
2023-09-13,2023,9,30.7,84.4,10.5,1.4,14.0
2023-09-14,2023,9,30.4,74.6,16.8,7.1,71.0
2023-09-15,2023,9,31.4,86.9,8.3,2.0,20.0
2023-09-16,2023,9,29.1,81.6,8.6,1.1,11.0
2023-09-17,2023,9,31.0,83.4,8.7,4.1,41.0
2023-09-18,2023,9,29.5,87.3,11.8,1.2,12.0
2023-09-19,2023,9,31.5,74.4,13.3,0.8,8.0
2023-09-20,2023,9,31.2,79.8,14.2,2.9,29.0
2023-09-21,2023,9,28.1,77.3,19.7,4.3,43.0
2023-09-22,2023,9,32.2,72.2,5.3,0.8,8.0
2023-09-23,2023,9,28.9,81.7,13.8,2.1,21.0
2023-09-24,2023,9,31.6,92.6,10.3,1.5,15.0
2023-09-25,2023,9,30.7,70.8,10.2,1.7,17.0
2023-09-26,2023,9,33.7,79.8,10.1,0.6,6.0
2023-09-27,2023,9,29.6,83.2,9.3,3.1,31.0
2023-09-28,2023,9,29.3,80.6,17.1,5.8,58.0
2023-09-29,2023,9,30.0,79.4,14.5,0.8,8.0
2023-09-30,2023,9,29.4,73.5,12.1,3.1,31.0
2023-10-01,2023,10,31.6,81.2,16.1,4.0,40.0
2023-10-02,2023,10,26.8,76.2,7.5,2.1,21.0
2023-10-03,2023,10,27.9,69.1,8.0,3.0,30.0
2023-10-04,2023,10,27.9,86.0,5.5,0.9,9.0
2023-10-05,2023,10,31.9,84.8,9.9,5.5,55.0
2023-10-06,2023,10,33.4,80.3,12.5,4.3,43.0
2023-10-07,2023,10,29.8,81.1,12.3,4.7,47.0
2023-10-08,2023,10,29.7,85.4,12.4,0.5,5.0
2023-10-09,2023,10,30.1,81.1,7.8,2.7,27.0
2023-10-10,2023,10,32.3,84.5,14.4,0.9,9.0
2023-10-11,2023,10,28.1,78.5,12.7,5.9,59.0
2023-10-12,2023,10,30.5,86.6,14.2,0.8,8.0
2023-10-13,2023,10,32.0,81.6,6.3,2.2,22.0
2023-10-14,2023,10,31.0,81.0,12.9,0.1,1.0
2023-10-15,2023,10,30.4,73.6,8.4,2.2,22.0
2023-10-16,2023,10,32.0,81.4,10.8,0.5,5.0
2023-10-17,2023,10,24.6,75.8,13.6,2.8,28.0
2023-10-18,2023,10,31.4,76.8,12.3,1.5,15.0
2023-10-19,2023,10,28.7,75.9,9.4,1.2,12.0
2023-10-20,2023,10,26.3,74.7,12.0,6.0,60.0
2023-10-21,2023,10,31.0,90.6,7.4,8.8,88.0
2023-10-22,2023,10,32.7,86.7,15.5,0.3,3.0
2023-10-23,2023,10,29.7,89.6,11.4,1.3,13.0
2023-10-24,2023,10,31.9,73.9,15.4,3.5,35.0
2023-10-25,2023,10,33.2,80.4,10.4,2.5,25.0
2023-10-26,2023,10,32.6,73.5,10.4,3.4,34.0
2023-10-27,2023,10,33.3,76.5,9.7,1.6,16.0
2023-10-28,2023,10,31.5,75.4,14.6,4.5,45.0
2023-10-29,2023,10,30.2,86.2,9.9,2.1,21.0
2023-10-30,2023,10,26.8,78.0,13.9,2.6,26.0
2023-10-31,2023,10,29.5,85.3,10.9,0.5,5.0
2023-11-01,2023,11,28.3,83.0,6.1,1.9,19.0
2023-11-02,2023,11,34.3,91.5,10.3,3.6,36.0
2023-11-03,2023,11,29.6,72.6,8.5,2.3,23.0
2023-11-04,2023,11,30.2,86.3,12.1,2.0,20.0
2023-11-05,2023,11,31.1,85.7,8.4,2.7,27.0
2023-11-06,2023,11,30.1,75.1,14.8,2.1,21.0
2023-11-07,2023,11,33.4,85.0,11.7,1.7,17.0
2023-11-08,2023,11,28.8,81.7,11.5,3.7,37.0
2023-11-09,2023,11,30.4,78.9,14.0,1.6,16.0
2023-11-10,2023,11,28.5,75.9,14.9,0.4,4.0
2023-11-11,2023,11,27.4,76.4,11.9,5.8,58.0
2023-11-12,2023,11,28.8,90.2,9.7,1.0,10.0
2023-11-13,2023,11,29.9,80.0,6.7,0.3,3.0
2023-11-14,2023,11,29.1,83.9,9.9,3.0,30.0
2023-11-15,2023,11,28.6,76.0,10.1,6.4,64.0
2023-11-16,2023,11,27.2,76.1,12.3,3.1,31.0
2023-11-17,2023,11,29.8,85.4,11.0,5.2,52.0
2023-11-18,2023,11,27.0,73.3,14.1,0.7,7.0
2023-11-19,2023,11,31.5,77.9,10.2,0.5,5.0
2023-11-20,2023,11,30.2,80.2,11.8,1.3,13.0
2023-11-21,2023,11,27.1,80.6,15.6,4.2,42.0
2023-11-22,2023,11,29.4,79.1,13.0,2.8,28.0
2023-11-23,2023,11,28.5,82.0,11.8,3.0,30.0
2023-11-24,2023,11,30.6,83.5,10.2,2.0,20.0
2023-11-25,2023,11,32.7,83.7,10.1,1.3,13.0
2023-11-26,2023,11,26.2,75.1,9.4,2.1,21.0
2023-11-27,2023,11,30.2,78.6,10.4,1.5,15.0
2023-11-28,2023,11,29.7,86.0,14.3,1.2,12.0
2023-11-29,2023,11,31.3,84.5,11.3,2.5,25.0
2023-11-30,2023,11,30.4,73.1,8.0,1.4,14.0
2023-12-01,2023,12,28.5,81.8,17.3,0.0,0.0
2023-12-02,2023,12,29.4,70.1,13.0,0.1,1.0
2023-12-03,2023,12,28.4,80.2,7.8,0.0,0.0
2023-12-04,2023,12,32.2,89.5,10.7,0.1,1.0
2023-12-05,2023,12,30.0,75.3,12.3,0.3,3.0
2023-12-06,2023,12,33.8,75.8,17.1,0.9,9.0
2023-12-07,2023,12,29.9,83.8,8.7,0.1,1.0
2023-12-08,2023,12,28.6,72.3,14.9,1.4,14.0
2023-12-09,2023,12,27.0,76.8,16.2,0.0,0.0
2023-12-10,2023,12,26.4,83.0,10.1,0.1,1.0
2023-12-11,2023,12,26.8,76.8,11.2,0.3,3.0
2023-12-12,2023,12,30.5,78.8,8.9,0.3,3.0
2023-12-13,2023,12,31.0,83.7,11.4,0.0,0.0
2023-12-14,2023,12,26.8,82.1,11.9,0.4,4.0
2023-12-15,2023,12,31.8,81.3,14.0,0.3,3.0
2023-12-16,2023,12,29.0,78.3,15.3,0.4,4.0
2023-12-17,2023,12,30.3,81.9,9.8,0.0,0.0
2023-12-18,2023,12,33.2,79.4,6.1,0.2,2.0
2023-12-19,2023,12,31.8,82.3,11.9,0.0,0.0
2023-12-20,2023,12,29.5,77.5,12.9,0.2,2.0
2023-12-21,2023,12,28.2,79.1,12.7,1.1,11.0
2023-12-22,2023,12,25.7,75.1,11.0,0.4,4.0
2023-12-23,2023,12,28.6,79.8,12.4,0.4,4.0
2023-12-24,2023,12,29.6,75.9,16.5,0.1,1.0
2023-12-25,2023,12,28.0,74.4,13.1,0.0,0.0
2023-12-26,2023,12,29.7,81.3,10.9,0.6,6.0
2023-12-27,2023,12,30.2,81.1,10.5,0.1,1.0
2023-12-28,2023,12,29.6,83.9,11.5,0.4,4.0
2023-12-29,2023,12,28.7,77.8,16.9,0.1,1.0
2023-12-30,2023,12,30.3,82.0,11.5,0.0,0.0
2023-12-31,2023,12,30.9,82.8,11.9,0.3,3.0
